"Julian_Date","Year","Girth_cm","Air_Temp..Deg.C...Smp.","Rain_mm_Tot...mm...Tot.","species"
98,"2015",89,12.45,0,"quercus.robur"
98,"2015",155,12.45,0,"quercus.robur"
98,"2015",174,12.45,0,"quercus.robur"
98,"2015",91,12.45,0,"quercus.robur"
98,"2015",61,12.45,0,"quercus.robur"
99,"2015",105,6.873,0,"quercus.robur"
99,"2015",104,6.873,0,"quercus.robur"
99,"2015",94,6.873,0,"quercus.robur"
99,"2015",141,6.873,0,"quercus.robur"
99,"2015",86,6.873,0,"quercus.robur"
99,"2015",159,6.873,0,"quercus.robur"
99,"2015",147,6.873,0,"quercus.robur"
99,"2015",149,6.873,0,"quercus.robur"
99,"2015",133,6.873,0,"quercus.robur"
99,"2015",133,6.873,0,"quercus.robur"
99,"2015",126,6.873,0,"quercus.robur"
99,"2015",72,6.873,0,"quercus.robur"
99,"2015",31,6.873,0,"quercus.robur"
99,"2015",115,6.873,0,"quercus.robur"
99,"2015",31,6.873,0,"quercus.robur"
99,"2015",46,6.873,0,"quercus.robur"
99,"2015",49,6.873,0,"quercus.robur"
99,"2015",59,6.873,0,"quercus.robur"
99,"2015",100,6.873,0,"quercus.robur"
99,"2015",165,6.873,0,"quercus.robur"
100,"2015",70,12.66,0,"quercus.robur"
100,"2015",149,12.66,0,"quercus.robur"
100,"2015",206,12.66,0,"quercus.robur"
100,"2015",130,12.66,0,"quercus.robur"
100,"2015",65,12.66,0,"quercus.robur"
100,"2015",78,12.66,0,"quercus.robur"
101,"2015",307,8.02,2.7,"quercus.robur"
101,"2015",155,8.02,2.7,"quercus.robur"
101,"2015",174,8.02,2.7,"quercus.robur"
101,"2015",127,8.02,2.7,"quercus.robur"
101,"2015",104,8.02,2.7,"quercus.robur"
101,"2015",94,8.02,2.7,"quercus.robur"
101,"2015",141,8.02,2.7,"quercus.robur"
100,"2015",250,12.66,0,"quercus.robur"
101,"2015",87,8.02,2.7,"quercus.robur"
101,"2015",106,8.02,2.7,"quercus.robur"
101,"2015",152,8.02,2.7,"quercus.robur"
101,"2015",61,8.02,2.7,"quercus.robur"
101,"2015",110,8.02,2.7,"quercus.robur"
101,"2015",88,8.02,2.7,"quercus.robur"
101,"2015",168,8.02,2.7,"quercus.robur"
101,"2015",46,8.02,2.7,"quercus.robur"
101,"2015",49,8.02,2.7,"quercus.robur"
101,"2015",113,8.02,2.7,"quercus.robur"
101,"2015",197,8.02,2.7,"quercus.robur"
101,"2015",84,8.02,2.7,"quercus.robur"
103,"2015",67,8.71,0.1,"quercus.robur"
104,"2015",121,12.99,0,"quercus.robur"
104,"2015",125,12.99,0,"quercus.robur"
104,"2015",200,12.99,0,"quercus.robur"
104,"2015",87,12.99,0,"quercus.robur"
104,"2015",111,12.99,0,"quercus.robur"
104,"2015",121,12.99,0,"quercus.robur"
104,"2015",106,12.99,0,"quercus.robur"
104,"2015",139,12.99,0,"quercus.robur"
104,"2015",152,12.99,0,"quercus.robur"
104,"2015",197,12.99,0,"quercus.robur"
104,"2015",168,12.99,0,"quercus.robur"
103,"2015",126,8.71,0.1,"quercus.robur"
103,"2015",97,8.71,0.1,"quercus.robur"
103,"2015",137,8.71,0.1,"quercus.robur"
103,"2015",210,8.71,0.1,"quercus.robur"
103,"2015",169,8.71,0.1,"quercus.robur"
103,"2015",148,8.71,0.1,"quercus.robur"
103,"2015",93,8.71,0.1,"quercus.robur"
103,"2015",72,8.71,0.1,"quercus.robur"
103,"2015",158,8.71,0.1,"quercus.robur"
103,"2015",158,8.71,0.1,"quercus.robur"
103,"2015",136,8.71,0.1,"quercus.robur"
103,"2015",250,8.71,0.1,"quercus.robur"
103,"2015",52,8.71,0.1,"quercus.robur"
103,"2015",39,8.71,0.1,"quercus.robur"
103,"2015",153,8.71,0.1,"quercus.robur"
103,"2015",78,8.71,0.1,"quercus.robur"
103,"2015",86,8.71,0.1,"quercus.robur"
104,"2015",91,12.99,0,"quercus.robur"
104,"2015",104,12.99,0,"quercus.robur"
104,"2015",125,12.99,0,"quercus.robur"
104,"2015",69,12.99,0,"quercus.robur"
104,"2015",92,12.99,0,"quercus.robur"
104,"2015",138,12.99,0,"quercus.robur"
104,"2015",89,12.99,0,"quercus.robur"
104,"2015",84,12.99,0,"quercus.robur"
105,"2015",137,19.22,0,"quercus.robur"
105,"2015",419,19.22,0,"quercus.robur"
105,"2015",206,19.22,0,"quercus.robur"
105,"2015",194,19.22,0,"quercus.robur"
105,"2015",68,19.22,0,"quercus.robur"
105,"2015",209,19.22,0,"quercus.robur"
105,"2015",234,19.22,0,"quercus.robur"
105,"2015",132,19.22,0,"quercus.robur"
105,"2015",138,19.22,0,"quercus.robur"
105,"2015",100,19.22,0,"quercus.robur"
105,"2015",95,19.22,0,"quercus.robur"
105,"2015",136,19.22,0,"quercus.robur"
105,"2015",162,19.22,0,"quercus.robur"
105,"2015",155,19.22,0,"quercus.robur"
106,"2015",122,12.24,0,"quercus.robur"
106,"2015",115,12.24,0,"quercus.robur"
105,"2015",261,19.22,0,"quercus.robur"
107,"2015",125,10.88,0,"quercus.robur"
107,"2015",82,10.88,0,"quercus.robur"
107,"2015",253,10.88,0,"quercus.robur"
107,"2015",200,10.88,0,"quercus.robur"
107,"2015",46,10.88,0,"quercus.robur"
107,"2015",101,10.88,0,"quercus.robur"
107,"2015",55,10.88,0,"quercus.robur"
107,"2015",74,10.88,0,"quercus.robur"
107,"2015",76,10.88,0,"quercus.robur"
108,"2015",35,8.91,0,"quercus.robur"
108,"2015",126,8.91,0,"quercus.robur"
108,"2015",266,8.91,0,"quercus.robur"
108,"2015",73,8.91,0,"quercus.robur"
108,"2015",41,8.91,0,"quercus.robur"
108,"2015",47,8.91,0,"quercus.robur"
108,"2015",169,8.91,0,"quercus.robur"
108,"2015",119,8.91,0,"quercus.robur"
108,"2015",162,8.91,0,"quercus.robur"
108,"2015",177,8.91,0,"quercus.robur"
108,"2015",197,8.91,0,"quercus.robur"
108,"2015",106,8.91,0,"quercus.robur"
108,"2015",99,8.91,0,"quercus.robur"
109,"2015",89,6.798,0,"quercus.robur"
109,"2015",105,6.798,0,"quercus.robur"
109,"2015",71,6.798,0,"quercus.robur"
109,"2015",50,6.798,0,"quercus.robur"
109,"2015",152,6.798,0,"quercus.robur"
109,"2015",72,6.798,0,"quercus.robur"
109,"2015",101,6.798,0,"quercus.robur"
109,"2015",110,6.798,0,"quercus.robur"
109,"2015",35,6.798,0,"quercus.robur"
109,"2015",65,6.798,0,"quercus.robur"
109,"2015",83,6.798,0,"quercus.robur"
109,"2015",41,6.798,0,"quercus.robur"
109,"2015",47,6.798,0,"quercus.robur"
109,"2015",194,6.798,0,"quercus.robur"
111,"2015",105,11.56,0,"quercus.robur"
111,"2015",82,11.56,0,"quercus.robur"
110,"2015",118,10.68,0,"quercus.robur"
110,"2015",99,10.68,0,"quercus.robur"
111,"2015",73,11.56,0,"quercus.robur"
111,"2015",105,11.56,0,"quercus.robur"
111,"2015",75,11.56,0,"quercus.robur"
111,"2015",55,11.56,0,"quercus.robur"
112,"2015",44,11.76,0,"quercus.robur"
112,"2015",47,11.76,0,"quercus.robur"
112,"2015",194,11.76,0,"quercus.robur"
112,"2015",89,11.76,0,"quercus.robur"
112,"2015",160,11.76,0,"quercus.robur"
112,"2015",72,11.76,0,"quercus.robur"
112,"2015",91,11.76,0,"quercus.robur"
113,"2015",73,8.09,0,"quercus.robur"
113,"2015",71,8.09,0,"quercus.robur"
113,"2015",122,8.09,0,"quercus.robur"
113,"2015",100,8.09,0,"quercus.robur"
113,"2015",110,8.09,0,"quercus.robur"
114,"2015",37,10.48,0,"quercus.robur"
114,"2015",91,10.48,0,"quercus.robur"
114,"2015",56,10.48,0,"quercus.robur"
114,"2015",241,10.48,0,"quercus.robur"
115,"2015",31,12.51,3.1,"quercus.robur"
115,"2015",67,12.51,3.1,"quercus.robur"
115,"2015",57,12.51,3.1,"quercus.robur"
116,"2015",37,6.935,3,"quercus.robur"
116,"2015",126,6.935,3,"quercus.robur"
116,"2015",53,6.935,3,"quercus.robur"
117,"2015",70,8.3,0,"quercus.robur"
117,"2015",61,8.3,0,"quercus.robur"
117,"2015",31,8.3,0,"quercus.robur"
117,"2015",67,8.3,0,"quercus.robur"
118,"2015",126,8.09,0,"quercus.robur"
118,"2015",160,8.09,0,"quercus.robur"
118,"2015",56,8.09,0,"quercus.robur"
118,"2015",52,8.09,0,"quercus.robur"
119,"2015",120,9.32,1.1,"quercus.robur"
120,"2015",88,10.37,2.3,"quercus.robur"
120,"2015",53,10.37,2.3,"quercus.robur"
121,"2015",70,8.43,0,"quercus.robur"
124,"2015",160,13.06,0.1,"quercus.robur"
125,"2015",73,12.31,10.6,"quercus.robur"
125,"2015",47,12.31,10.6,"quercus.robur"
133,"2015",24,13.74,0,"quercus.robur"
104,"2016",86,10.95,0,"quercus.robur"
107,"2016",86,4.431,10.5,"quercus.robur"
111,"2016",86,9.73,0,"quercus.robur"
105,"2016",317,11.15,0,"quercus.robur"
107,"2016",317,4.431,10.5,"quercus.robur"
109,"2016",317,9.66,0,"quercus.robur"
107,"2016",169,4.431,10.5,"quercus.robur"
107,"2016",120,4.431,10.5,"quercus.robur"
110,"2016",120,11.2,0,"quercus.robur"
110,"2016",68,11.2,0,"quercus.robur"
113,"2016",68,8.32,0,"quercus.robur"
118,"2016",68,6.619,0,"quercus.robur"
122,"2016",68,10.41,0,"quercus.robur"
107,"2016",92,4.431,10.5,"quercus.robur"
110,"2016",92,11.2,0,"quercus.robur"
118,"2016",92,6.619,0,"quercus.robur"
122,"2016",92,10.41,0,"quercus.robur"
107,"2016",165,4.431,10.5,"quercus.robur"
104,"2016",238,10.95,0,"quercus.robur"
108,"2016",238,6.626,0.3,"quercus.robur"
104,"2016",174,10.95,0,"quercus.robur"
105,"2016",175,11.15,0,"quercus.robur"
105,"2016",229,11.15,0,"quercus.robur"
109,"2016",145,9.66,0,"quercus.robur"
109,"2016",85,9.66,0,"quercus.robur"
109,"2016",132,9.66,0,"quercus.robur"
113,"2016",132,8.32,0,"quercus.robur"
104,"2016",109,10.95,0,"quercus.robur"
109,"2016",109,9.66,0,"quercus.robur"
112,"2016",109,9.87,0,"quercus.robur"
115,"2016",109,5.548,0.2,"quercus.robur"
119,"2016",109,7.363,0.1,"quercus.robur"
104,"2016",105,10.95,0,"quercus.robur"
104,"2016",138,10.95,0,"quercus.robur"
107,"2016",132,4.431,10.5,"quercus.robur"
111,"2016",132,9.73,0,"quercus.robur"
107,"2016",81,4.431,10.5,"quercus.robur"
107,"2016",144,4.431,10.5,"quercus.robur"
104,"2016",271,10.95,0,"quercus.robur"
107,"2016",172,4.431,10.5,"quercus.robur"
109,"2016",172,9.66,0,"quercus.robur"
107,"2016",56,4.431,10.5,"quercus.robur"
109,"2016",56,9.66,0,"quercus.robur"
107,"2016",212,4.431,10.5,"quercus.robur"
109,"2016",212,9.66,0,"quercus.robur"
108,"2016",114,6.626,0.3,"quercus.robur"
108,"2016",142,6.626,0.3,"quercus.robur"
110,"2016",142,11.2,0,"quercus.robur"
104,"2016",50,10.95,0,"quercus.robur"
104,"2016",55,10.95,0,"quercus.robur"
104,"2016",68,10.95,0,"quercus.robur"
109,"2016",68,9.66,0,"quercus.robur"
104,"2016",212,10.95,0,"quercus.robur"
104,"2016",123,10.95,0,"quercus.robur"
104,"2016",158,10.95,0,"quercus.robur"
117,"2016",158,6.016,0.4,"quercus.robur"
121,"2016",158,9.05,0.8,"quercus.robur"
104,"2016",58,10.95,0,"quercus.robur"
107,"2016",58,4.431,10.5,"quercus.robur"
111,"2016",58,9.73,0,"quercus.robur"
117,"2016",115,6.016,0.4,"quercus.robur"
108,"2016",93,6.626,0.3,"quercus.robur"
111,"2016",93,9.73,0,"quercus.robur"
108,"2016",112,6.626,0.3,"quercus.robur"
111,"2016",112,9.73,0,"quercus.robur"
108,"2016",100,6.626,0.3,"quercus.robur"
111,"2016",100,9.73,0,"quercus.robur"
108,"2016",150,6.626,0.3,"quercus.robur"
111,"2016",150,9.73,0,"quercus.robur"
108,"2016",80,6.626,0.3,"quercus.robur"
111,"2016",80,9.73,0,"quercus.robur"
115,"2016",39,5.548,0.2,"quercus.robur"
104,"2016",76,10.95,0,"quercus.robur"
123,"2016",76,12.09,0,"quercus.robur"
108,"2016",433,6.626,0.3,"quercus.robur"
110,"2016",433,11.2,0,"quercus.robur"
104,"2016",143,10.95,0,"quercus.robur"
109,"2016",143,9.66,0,"quercus.robur"
112,"2016",143,9.87,0,"quercus.robur"
104,"2016",167,10.95,0,"quercus.robur"
104,"2016",268,10.95,0,"quercus.robur"
104,"2016",114,10.95,0,"quercus.robur"
107,"2016",171,4.431,10.5,"quercus.robur"
110,"2016",171,11.2,0,"quercus.robur"
108,"2016",47,6.626,0.3,"quercus.robur"
109,"2016",47,9.66,0,"quercus.robur"
105,"2016",192,11.15,0,"quercus.robur"
105,"2016",73,11.15,0,"quercus.robur"
105,"2016",115,11.15,0,"quercus.robur"
105,"2016",82,11.15,0,"quercus.robur"
109,"2016",82,9.66,0,"quercus.robur"
105,"2016",136,11.15,0,"quercus.robur"
105,"2016",119,11.15,0,"quercus.robur"
105,"2016",230,11.15,0,"quercus.robur"
107,"2016",66,4.431,10.5,"quercus.robur"
109,"2016",66,9.66,0,"quercus.robur"
109,"2016",42,9.66,0,"quercus.robur"
117,"2016",42,6.016,0.4,"quercus.robur"
107,"2016",120,4.431,10.5,"quercus.robur"
108,"2016",142,6.626,0.3,"quercus.robur"
108,"2016",81,6.626,0.3,"quercus.robur"
109,"2016",81,9.66,0,"quercus.robur"
113,"2016",81,8.32,0,"quercus.robur"
117,"2016",81,6.016,0.4,"quercus.robur"
120,"2016",81,8.04,1.2,"quercus.robur"
124,"2016",81,11.27,0.6,"quercus.robur"
108,"2016",77,6.626,0.3,"quercus.robur"
108,"2016",73,6.626,0.3,"quercus.robur"
109,"2016",73,9.66,0,"quercus.robur"
105,"2016",65,11.15,0,"quercus.robur"
109,"2016",65,9.66,0,"quercus.robur"
105,"2016",140,11.15,0,"quercus.robur"
105,"2016",146,11.15,0,"quercus.robur"
105,"2016",186,11.15,0,"quercus.robur"
105,"2016",42,11.15,0,"quercus.robur"
109,"2016",42,9.66,0,"quercus.robur"
105,"2016",271,11.15,0,"quercus.robur"
109,"2016",72,9.66,0,"quercus.robur"
105,"2016",162,11.15,0,"quercus.robur"
105,"2016",38,11.15,0,"quercus.robur"
109,"2016",38,9.66,0,"quercus.robur"
113,"2016",38,8.32,0,"quercus.robur"
109,"2016",39,9.66,0,"quercus.robur"
109,"2016",64,9.66,0,"quercus.robur"
105,"2016",122,11.15,0,"quercus.robur"
105,"2016",114,11.15,0,"quercus.robur"
105,"2016",29,11.15,0,"quercus.robur"
105,"2016",62,11.15,0,"quercus.robur"
109,"2016",50,9.66,0,"quercus.robur"
109,"2016",68,9.66,0,"quercus.robur"
115,"2016",68,5.548,0.2,"quercus.robur"
119,"2016",68,7.363,0.1,"quercus.robur"
104,"2016",100,10.95,0,"quercus.robur"
107,"2016",282,4.431,10.5,"quercus.robur"
105,"2016",188,11.15,0,"quercus.robur"
107,"2016",188,4.431,10.5,"quercus.robur"
105,"2016",310,11.15,0,"quercus.robur"
107,"2016",310,4.431,10.5,"quercus.robur"
109,"2016",310,9.66,0,"quercus.robur"
104,"2016",110,10.95,0,"quercus.robur"
109,"2016",110,9.66,0,"quercus.robur"
112,"2016",110,9.87,0,"quercus.robur"
104,"2016",133,10.95,0,"quercus.robur"
105,"2016",164,11.15,0,"quercus.robur"
105,"2016",106,11.15,0,"quercus.robur"
105,"2016",103,11.15,0,"quercus.robur"
109,"2016",103,9.66,0,"quercus.robur"
111,"2016",103,9.73,0,"quercus.robur"
105,"2016",150,11.15,0,"quercus.robur"
105,"2016",45,11.15,0,"quercus.robur"
105,"2016",113,11.15,0,"quercus.robur"
105,"2016",42,11.15,0,"quercus.robur"
105,"2016",97,11.15,0,"quercus.robur"
105,"2016",245,11.15,0,"quercus.robur"
109,"2016",62,9.66,0,"quercus.robur"
123,"2016",62,12.09,0,"quercus.robur"
105,"2016",272,11.15,0,"quercus.robur"
117,"2016",82,6.016,0.4,"quercus.robur"
108,"2016",66,6.626,0.3,"quercus.robur"
107,"2016",110,4.431,10.5,"quercus.robur"
105,"2016",97,11.15,0,"quercus.robur"
109,"2016",67,9.66,0,"quercus.robur"
113,"2016",67,8.32,0,"quercus.robur"
115,"2016",67,5.548,0.2,"quercus.robur"
115,"2016",67,5.548,0.2,"quercus.robur"
119,"2016",67,7.363,0.1,"quercus.robur"
123,"2016",67,12.09,0,"quercus.robur"
109,"2016",90,9.66,0,"quercus.robur"
109,"2016",59,9.66,0,"quercus.robur"
109,"2016",102,9.66,0,"quercus.robur"
109,"2016",144,9.66,0,"quercus.robur"
105,"2016",73,11.15,0,"quercus.robur"
109,"2016",73,9.66,0,"quercus.robur"
106,"2016",289,10.2,2.9,"quercus.robur"
106,"2016",530,10.2,2.9,"quercus.robur"
104,"2016",135,10.95,0,"quercus.robur"
104,"2016",75,10.95,0,"quercus.robur"
109,"2016",75,9.66,0,"quercus.robur"
109,"2016",45,9.66,0,"quercus.robur"
104,"2016",41,10.95,0,"quercus.robur"
109,"2016",184,9.66,0,"quercus.robur"
97,"2017",86,10.33,0,"quercus.robur"
98,"2017",120,12.16,0,"quercus.robur"
98,"2017",92,12.16,0,"quercus.robur"
100,"2017",92,10.32,0,"quercus.robur"
100,"2017",85,10.32,0,"quercus.robur"
100,"2017",132,10.32,0,"quercus.robur"
103,"2017",109,10.19,0,"quercus.robur"
105,"2017",95,10.54,0.3,"quercus.robur"
108,"2017",95,7.428,0,"quercus.robur"
112,"2017",95,9.98,0,"quercus.robur"
115,"2017",95,6.21,0,"quercus.robur"
117,"2017",95,7.639,0.7,"quercus.robur"
119,"2017",95,7.953,0,"quercus.robur"
121,"2017",95,11.5,1.9,"quercus.robur"
124,"2017",95,10.49,0.8,"quercus.robur"
126,"2017",95,11.36,0,"quercus.robur"
128,"2017",95,8.11,0,"quercus.robur"
130,"2017",95,10.84,0,"quercus.robur"
132,"2017",95,13.78,6.5,"quercus.robur"
134,"2017",95,13.99,2.9,"quercus.robur"
136,"2017",95,17.81,0.3,"quercus.robur"
138,"2017",95,12.36,27,"quercus.robur"
140,"2017",95,13.39,2.4,"quercus.robur"
142,"2017",95,17.46,0,"quercus.robur"
144,"2017",95,19.74,0,"quercus.robur"
146,"2017",95,22.19,0,"quercus.robur"
105,"2017",80,10.54,0.3,"quercus.robur"
100,"2017",92,10.32,0,"quercus.robur"
101,"2017",92,9.38,0,"quercus.robur"
103,"2017",92,10.19,0,"quercus.robur"
98,"2017",26,12.16,0,"quercus.robur"
100,"2017",26,10.32,0,"quercus.robur"
104,"2017",26,9.63,0,"quercus.robur"
100,"2017",165,10.32,0,"quercus.robur"
97,"2017",56,10.33,0,"quercus.robur"
100,"2017",56,10.32,0,"quercus.robur"
101,"2017",56,9.38,0,"quercus.robur"
103,"2017",56,10.19,0,"quercus.robur"
98,"2017",74,12.16,0,"quercus.robur"
98,"2017",142,12.16,0,"quercus.robur"
100,"2017",142,10.32,0,"quercus.robur"
104,"2017",142,9.63,0,"quercus.robur"
107,"2017",142,7.834,1.4,"quercus.robur"
110,"2017",142,10.29,0,"quercus.robur"
113,"2017",142,9.99,0,"quercus.robur"
115,"2017",142,6.21,0,"quercus.robur"
117,"2017",142,7.639,0.7,"quercus.robur"
119,"2017",142,7.953,0,"quercus.robur"
98,"2017",35,12.16,0,"quercus.robur"
100,"2017",35,10.32,0,"quercus.robur"
104,"2017",35,9.63,0,"quercus.robur"
100,"2017",50,10.32,0,"quercus.robur"
100,"2017",158,10.32,0,"quercus.robur"
101,"2017",158,9.38,0,"quercus.robur"
103,"2017",158,10.19,0,"quercus.robur"
105,"2017",158,10.54,0.3,"quercus.robur"
97,"2017",37,10.33,0,"quercus.robur"
100,"2017",37,10.32,0,"quercus.robur"
97,"2017",58,10.33,0,"quercus.robur"
100,"2017",58,10.32,0,"quercus.robur"
101,"2017",58,9.38,0,"quercus.robur"
103,"2017",58,10.19,0,"quercus.robur"
97,"2017",225,10.33,0,"quercus.robur"
97,"2017",71,10.33,0,"quercus.robur"
97,"2017",123,10.33,0,"quercus.robur"
97,"2017",93,10.33,0,"quercus.robur"
97,"2017",80,10.33,0,"quercus.robur"
100,"2017",80,10.32,0,"quercus.robur"
101,"2017",80,9.38,0,"quercus.robur"
97,"2017",98,10.33,0,"quercus.robur"
97,"2017",75,10.33,0,"quercus.robur"
100,"2017",76,10.32,0,"quercus.robur"
101,"2017",76,9.38,0,"quercus.robur"
103,"2017",76,10.19,0,"quercus.robur"
105,"2017",76,10.54,0.3,"quercus.robur"
108,"2017",76,7.428,0,"quercus.robur"
105,"2017",159,10.54,0.3,"quercus.robur"
96,"2017",47,9.63,0,"quercus.robur"
100,"2017",73,10.32,0,"quercus.robur"
108,"2017",42,7.428,0,"quercus.robur"
101,"2017",81,9.38,0,"quercus.robur"
100,"2017",77,10.32,0,"quercus.robur"
98,"2017",151,12.16,0,"quercus.robur"
103,"2017",70,10.19,0,"quercus.robur"
105,"2017",70,10.54,0.3,"quercus.robur"
108,"2017",70,7.428,0,"quercus.robur"
100,"2017",37,10.32,0,"quercus.robur"
101,"2017",37,9.38,0,"quercus.robur"
103,"2017",37,10.19,0,"quercus.robur"
100,"2017",42,10.32,0,"quercus.robur"
101,"2017",42,9.38,0,"quercus.robur"
103,"2017",42,10.19,0,"quercus.robur"
101,"2017",266,9.38,0,"quercus.robur"
100,"2017",38,10.32,0,"quercus.robur"
101,"2017",38,9.38,0,"quercus.robur"
103,"2017",38,10.19,0,"quercus.robur"
100,"2017",68,10.32,0,"quercus.robur"
101,"2017",68,9.38,0,"quercus.robur"
103,"2017",68,10.19,0,"quercus.robur"
115,"2017",100,6.21,0,"quercus.robur"
97,"2017",118,10.33,0,"quercus.robur"
97,"2017",103,10.33,0,"quercus.robur"
100,"2017",103,10.32,0,"quercus.robur"
101,"2017",103,9.38,0,"quercus.robur"
103,"2017",103,10.19,0,"quercus.robur"
100,"2017",172,10.32,0,"quercus.robur"
101,"2017",62,9.38,0,"quercus.robur"
103,"2017",62,10.19,0,"quercus.robur"
105,"2017",62,10.54,0.3,"quercus.robur"
97,"2017",98,10.33,0,"quercus.robur"
100,"2017",98,10.32,0,"quercus.robur"
104,"2017",98,9.63,0,"quercus.robur"
96,"2017",82,9.63,0,"quercus.robur"
100,"2017",67,10.32,0,"quercus.robur"
101,"2017",67,9.38,0,"quercus.robur"
103,"2017",67,10.19,0,"quercus.robur"
97,"2017",73,10.33,0,"quercus.robur"
100,"2017",73,10.32,0,"quercus.robur"
97,"2017",115,10.33,0,"quercus.robur"
105,"2017",154,10.54,0.3,"quercus.robur"
108,"2017",154,7.428,0,"quercus.robur"
100,"2017",45,10.32,0,"quercus.robur"
108,"2017",45,7.428,0,"quercus.robur"
97,"2017",184,10.33,0,"quercus.robur"
96,"2017",82,9.63,0,"quercus.robur"
98,"2017",114,12.16,0,"quercus.robur"
99,"2018",254,8.15,11.5,"quercus.robur"
99,"2018",207,8.15,11.5,"quercus.robur"
99,"2018",426,8.15,11.5,"quercus.robur"
101,"2018",271,7.314,7.6,"quercus.robur"
101,"2018",37,7.314,7.6,"quercus.robur"
101,"2018",127,7.314,7.6,"quercus.robur"
101,"2018",207,7.314,7.6,"quercus.robur"
101,"2018",135,7.314,7.6,"quercus.robur"
101,"2018",105,7.314,7.6,"quercus.robur"
101,"2018",88,7.314,7.6,"quercus.robur"
102,"2018",139,7.353,0.2,"quercus.robur"
102,"2018",110,7.353,0.2,"quercus.robur"
102,"2018",110,7.353,0.2,"quercus.robur"
102,"2018",84,7.353,0.2,"quercus.robur"
102,"2018",119,7.353,0.2,"quercus.robur"
102,"2018",98,7.353,0.2,"quercus.robur"
102,"2018",142,7.353,0.2,"quercus.robur"
102,"2018",123,7.353,0.2,"quercus.robur"
102,"2018",268,7.353,0.2,"quercus.robur"
102,"2018",114,7.353,0.2,"quercus.robur"
102,"2018",171,7.353,0.2,"quercus.robur"
102,"2018",243,7.353,0.2,"quercus.robur"
102,"2018",275,7.353,0.2,"quercus.robur"
102,"2018",146,7.353,0.2,"quercus.robur"
102,"2018",164,7.353,0.2,"quercus.robur"
102,"2018",210,7.353,0.2,"quercus.robur"
102,"2018",130,7.353,0.2,"quercus.robur"
102,"2018",135,7.353,0.2,"quercus.robur"
102,"2018",90,7.353,0.2,"quercus.robur"
102,"2018",110,7.353,0.2,"quercus.robur"
102,"2018",97,7.353,0.2,"quercus.robur"
102,"2018",150,7.353,0.2,"quercus.robur"
102,"2018",162,7.353,0.2,"quercus.robur"
102,"2018",190,7.353,0.2,"quercus.robur"
102,"2018",227,7.353,0.2,"quercus.robur"
102,"2018",267,7.353,0.2,"quercus.robur"
102,"2018",121,7.353,0.2,"quercus.robur"
102,"2018",127,7.353,0.2,"quercus.robur"
102,"2018",135,7.353,0.2,"quercus.robur"
102,"2018",135,7.353,0.2,"quercus.robur"
102,"2018",161,7.353,0.2,"quercus.robur"
102,"2018",107,7.353,0.2,"quercus.robur"
104,"2018",143,12.77,0,"quercus.robur"
104,"2018",120,12.77,0,"quercus.robur"
104,"2018",92,12.77,0,"quercus.robur"
104,"2018",140,12.77,0,"quercus.robur"
104,"2018",132,12.77,0,"quercus.robur"
104,"2018",238,12.77,0,"quercus.robur"
104,"2018",161,12.77,0,"quercus.robur"
106,"2018",113,11.41,2,"quercus.robur"
106,"2018",376,11.41,2,"quercus.robur"
106,"2018",317,11.41,2,"quercus.robur"
106,"2018",126,11.41,2,"quercus.robur"
106,"2018",131,11.41,2,"quercus.robur"
106,"2018",177,11.41,2,"quercus.robur"
106,"2018",207,11.41,2,"quercus.robur"
106,"2018",256,11.41,2,"quercus.robur"
106,"2018",106,11.41,2,"quercus.robur"
106,"2018",87,11.41,2,"quercus.robur"
106,"2018",83,11.41,2,"quercus.robur"
106,"2018",37,11.41,2,"quercus.robur"
106,"2018",283,11.41,2,"quercus.robur"
106,"2018",94,11.41,2,"quercus.robur"
106,"2018",228,11.41,2,"quercus.robur"
106,"2018",315,11.41,2,"quercus.robur"
106,"2018",373,11.41,2,"quercus.robur"
106,"2018",71,11.41,2,"quercus.robur"
106,"2018",123,11.41,2,"quercus.robur"
106,"2018",93,11.41,2,"quercus.robur"
106,"2018",248,11.41,2,"quercus.robur"
106,"2018",101,11.41,2,"quercus.robur"
106,"2018",156,11.41,2,"quercus.robur"
106,"2018",152,11.41,2,"quercus.robur"
106,"2018",288,11.41,2,"quercus.robur"
106,"2018",451,11.41,2,"quercus.robur"
106,"2018",323,11.41,2,"quercus.robur"
106,"2018",100,11.41,2,"quercus.robur"
106,"2018",166,11.41,2,"quercus.robur"
106,"2018",69,11.41,2,"quercus.robur"
106,"2018",192,11.41,2,"quercus.robur"
106,"2018",241,11.41,2,"quercus.robur"
106,"2018",136,11.41,2,"quercus.robur"
106,"2018",190,11.41,2,"quercus.robur"
106,"2018",56,11.41,2,"quercus.robur"
106,"2018",113,11.41,2,"quercus.robur"
106,"2018",90,11.41,2,"quercus.robur"
106,"2018",94,11.41,2,"quercus.robur"
106,"2018",82,11.41,2,"quercus.robur"
106,"2018",109,11.41,2,"quercus.robur"
106,"2018",66,11.41,2,"quercus.robur"
106,"2018",152,11.41,2,"quercus.robur"
106,"2018",140,11.41,2,"quercus.robur"
106,"2018",174,11.41,2,"quercus.robur"
106,"2018",96,11.41,2,"quercus.robur"
106,"2018",135,11.41,2,"quercus.robur"
106,"2018",239,11.41,2,"quercus.robur"
106,"2018",310,11.41,2,"quercus.robur"
106,"2018",73,11.41,2,"quercus.robur"
106,"2018",442,11.41,2,"quercus.robur"
106,"2018",321,11.41,2,"quercus.robur"
106,"2018",145,11.41,2,"quercus.robur"
106,"2018",149,11.41,2,"quercus.robur"
106,"2018",45,11.41,2,"quercus.robur"
106,"2018",156,11.41,2,"quercus.robur"
106,"2018",86,11.41,2,"quercus.robur"
106,"2018",105,11.41,2,"quercus.robur"
106,"2018",65,11.41,2,"quercus.robur"
106,"2018",59,11.41,2,"quercus.robur"
106,"2018",70,11.41,2,"quercus.robur"
106,"2018",146,11.41,2,"quercus.robur"
106,"2018",62,11.41,2,"quercus.robur"
106,"2018",73,11.41,2,"quercus.robur"
106,"2018",325,11.41,2,"quercus.robur"
106,"2018",277,11.41,2,"quercus.robur"
106,"2018",176,11.41,2,"quercus.robur"
106,"2018",64,11.41,2,"quercus.robur"
106,"2018",122,11.41,2,"quercus.robur"
106,"2018",162,11.41,2,"quercus.robur"
106,"2018",240,11.41,2,"quercus.robur"
106,"2018",315,11.41,2,"quercus.robur"
106,"2018",264,11.41,2,"quercus.robur"
106,"2018",188,11.41,2,"quercus.robur"
106,"2018",147,11.41,2,"quercus.robur"
106,"2018",66,11.41,2,"quercus.robur"
106,"2018",195,11.41,2,"quercus.robur"
106,"2018",133,11.41,2,"quercus.robur"
106,"2018",85,11.41,2,"quercus.robur"
106,"2018",95,11.41,2,"quercus.robur"
106,"2018",145,11.41,2,"quercus.robur"
106,"2018",150,11.41,2,"quercus.robur"
106,"2018",231,11.41,2,"quercus.robur"
106,"2018",127,11.41,2,"quercus.robur"
106,"2018",100,11.41,2,"quercus.robur"
106,"2018",124,11.41,2,"quercus.robur"
106,"2018",123,11.41,2,"quercus.robur"
106,"2018",110,11.41,2,"quercus.robur"
106,"2018",213,11.41,2,"quercus.robur"
106,"2018",133,11.41,2,"quercus.robur"
106,"2018",115,11.41,2,"quercus.robur"
106,"2018",64,11.41,2,"quercus.robur"
106,"2018",70,11.41,2,"quercus.robur"
107,"2018",173,14.47,0,"quercus.robur"
107,"2018",120,14.47,0,"quercus.robur"
107,"2018",92,14.47,0,"quercus.robur"
107,"2018",156,14.47,0,"quercus.robur"
107,"2018",400,14.47,0,"quercus.robur"
107,"2018",105,14.47,0,"quercus.robur"
107,"2018",71,14.47,0,"quercus.robur"
107,"2018",171,14.47,0,"quercus.robur"
107,"2018",109,14.47,0,"quercus.robur"
107,"2018",297,14.47,0,"quercus.robur"
107,"2018",80,14.47,0,"quercus.robur"
107,"2018",92,14.47,0,"quercus.robur"
107,"2018",138,14.47,0,"quercus.robur"
107,"2018",105,14.47,0,"quercus.robur"
107,"2018",138,14.47,0,"quercus.robur"
107,"2018",122,14.47,0,"quercus.robur"
107,"2018",126,14.47,0,"quercus.robur"
107,"2018",90,14.47,0,"quercus.robur"
107,"2018",110,14.47,0,"quercus.robur"
107,"2018",189,14.47,0,"quercus.robur"
107,"2018",184,14.47,0,"quercus.robur"
107,"2018",84,14.47,0,"quercus.robur"
107,"2018",110,14.47,0,"quercus.robur"
107,"2018",169,14.47,0,"quercus.robur"
107,"2018",200,14.47,0,"quercus.robur"
107,"2018",190,14.47,0,"quercus.robur"
107,"2018",142,14.47,0,"quercus.robur"
107,"2018",35,14.47,0,"quercus.robur"
107,"2018",181,14.47,0,"quercus.robur"
107,"2018",115,14.47,0,"quercus.robur"
107,"2018",68,14.47,0,"quercus.robur"
107,"2018",127,14.47,0,"quercus.robur"
107,"2018",175,14.47,0,"quercus.robur"
107,"2018",212,14.47,0,"quercus.robur"
107,"2018",135,14.47,0,"quercus.robur"
107,"2018",111,14.47,0,"quercus.robur"
107,"2018",205,14.47,0,"quercus.robur"
107,"2018",202,14.47,0,"quercus.robur"
107,"2018",149,14.47,0,"quercus.robur"
107,"2018",184,14.47,0,"quercus.robur"
107,"2018",66,14.47,0,"quercus.robur"
107,"2018",100,14.47,0,"quercus.robur"
107,"2018",119,14.47,0,"quercus.robur"
107,"2018",93,14.47,0,"quercus.robur"
107,"2018",255,14.47,0,"quercus.robur"
107,"2018",175,14.47,0,"quercus.robur"
107,"2018",103,14.47,0,"quercus.robur"
107,"2018",82,14.47,0,"quercus.robur"
107,"2018",139,14.47,0,"quercus.robur"
107,"2018",93,14.47,0,"quercus.robur"
107,"2018",142,14.47,0,"quercus.robur"
107,"2018",83,14.47,0,"quercus.robur"
107,"2018",240,14.47,0,"quercus.robur"
107,"2018",110,14.47,0,"quercus.robur"
107,"2018",130,14.47,0,"quercus.robur"
107,"2018",108,14.47,0,"quercus.robur"
107,"2018",123,14.47,0,"quercus.robur"
107,"2018",147,14.47,0,"quercus.robur"
107,"2018",159,14.47,0,"quercus.robur"
107,"2018",433,14.47,0,"quercus.robur"
107,"2018",120,14.47,0,"quercus.robur"
107,"2018",143,14.47,0,"quercus.robur"
107,"2018",167,14.47,0,"quercus.robur"
107,"2018",268,14.47,0,"quercus.robur"
107,"2018",234,14.47,0,"quercus.robur"
107,"2018",171,14.47,0,"quercus.robur"
107,"2018",125,14.47,0,"quercus.robur"
107,"2018",87,14.47,0,"quercus.robur"
107,"2018",310,14.47,0,"quercus.robur"
107,"2018",275,14.47,0,"quercus.robur"
107,"2018",464,14.47,0,"quercus.robur"
107,"2018",130,14.47,0,"quercus.robur"
107,"2018",168,14.47,0,"quercus.robur"
107,"2018",232,14.47,0,"quercus.robur"
107,"2018",210,14.47,0,"quercus.robur"
107,"2018",119,14.47,0,"quercus.robur"
107,"2018",340,14.47,0,"quercus.robur"
107,"2018",212,14.47,0,"quercus.robur"
107,"2018",132,14.47,0,"quercus.robur"
107,"2018",53,14.47,0,"quercus.robur"
107,"2018",29,14.47,0,"quercus.robur"
107,"2018",62,14.47,0,"quercus.robur"
107,"2018",180,14.47,0,"quercus.robur"
107,"2018",106,14.47,0,"quercus.robur"
107,"2018",90,14.47,0,"quercus.robur"
107,"2018",68,14.47,0,"quercus.robur"
107,"2018",110,14.47,0,"quercus.robur"
107,"2018",133,14.47,0,"quercus.robur"
107,"2018",100,14.47,0,"quercus.robur"
107,"2018",308,14.47,0,"quercus.robur"
107,"2018",185,14.47,0,"quercus.robur"
107,"2018",110,14.47,0,"quercus.robur"
107,"2018",119,14.47,0,"quercus.robur"
107,"2018",97,14.47,0,"quercus.robur"
107,"2018",150,14.47,0,"quercus.robur"
107,"2018",164,14.47,0,"quercus.robur"
107,"2018",267,14.47,0,"quercus.robur"
107,"2018",90,14.47,0,"quercus.robur"
107,"2018",90,14.47,0,"quercus.robur"
107,"2018",59,14.47,0,"quercus.robur"
107,"2018",134,14.47,0,"quercus.robur"
107,"2018",231,14.47,0,"quercus.robur"
107,"2018",226,14.47,0,"quercus.robur"
107,"2018",74,14.47,0,"quercus.robur"
107,"2018",48,14.47,0,"quercus.robur"
107,"2018",71,14.47,0,"quercus.robur"
107,"2018",102,14.47,0,"quercus.robur"
107,"2018",144,14.47,0,"quercus.robur"
107,"2018",545,14.47,0,"quercus.robur"
107,"2018",135,14.47,0,"quercus.robur"
107,"2018",75,14.47,0,"quercus.robur"
107,"2018",184,14.47,0,"quercus.robur"
107,"2018",82,14.47,0,"quercus.robur"
107,"2018",68,14.47,0,"quercus.robur"
107,"2018",39,14.47,0,"quercus.robur"
107,"2018",89,14.47,0,"quercus.robur"
107,"2018",227,14.47,0,"quercus.robur"
107,"2018",88,14.47,0,"quercus.robur"
107,"2018",63,14.47,0,"quercus.robur"
107,"2018",161,14.47,0,"quercus.robur"
107,"2018",222,14.47,0,"quercus.robur"
107,"2018",85,14.47,0,"quercus.robur"
107,"2018",107,14.47,0,"quercus.robur"
108,"2018",165,18.27,0,"quercus.robur"
108,"2018",88,18.27,0,"quercus.robur"
108,"2018",181,18.27,0,"quercus.robur"
108,"2018",90,18.27,0,"quercus.robur"
108,"2018",156,18.27,0,"quercus.robur"
108,"2018",208,18.27,0,"quercus.robur"
108,"2018",204,18.27,0,"quercus.robur"
108,"2018",171,18.27,0,"quercus.robur"
110,"2018",125,19.11,0,"quercus.robur"
110,"2018",65,19.11,0,"quercus.robur"
110,"2018",118,19.11,0,"quercus.robur"
110,"2018",145,19.11,0,"quercus.robur"
110,"2018",271,19.11,0,"quercus.robur"
110,"2018",142,19.11,0,"quercus.robur"
110,"2018",55,19.11,0,"quercus.robur"
110,"2018",282,19.11,0,"quercus.robur"
111,"2018",92,17.4,0,"quercus.robur"
111,"2018",126,17.4,0,"quercus.robur"
111,"2018",147,17.4,0,"quercus.robur"
111,"2018",159,17.4,0,"quercus.robur"
111,"2018",232,17.4,0,"quercus.robur"
111,"2018",110,17.4,0,"quercus.robur"
111,"2018",100,17.4,0,"quercus.robur"
111,"2018",90,17.4,0,"quercus.robur"
111,"2018",71,17.4,0,"quercus.robur"
111,"2018",59,17.4,0,"quercus.robur"
111,"2018",74,17.4,0,"quercus.robur"
111,"2018",48,17.4,0,"quercus.robur"
111,"2018",68,17.4,0,"quercus.robur"
111,"2018",85,17.4,0,"quercus.robur"
114,"2018",68,12.85,0,"quercus.robur"
99,"2010",149,12.4,0,"quercus.robur"
91,"2011",149,11.22,0,"quercus.robur"
103,"2010",153,9.27,0,"quercus.robur"
109,"2010",78,10.76,0,"quercus.robur"
95,"2011",78,9.46,1.2,"quercus.robur"
91,"2011",152,11.22,0,"quercus.robur"
97,"2010",402,8.39,0.1,"quercus.robur"
88,"2011",402,3.985,1.2,"quercus.robur"
105,"2010",303,7.5,0,"quercus.robur"
91,"2011",303,11.22,0,"quercus.robur"
97,"2010",380,8.39,0.1,"quercus.robur"
88,"2011",380,3.985,1.2,"quercus.robur"
100,"2010",50,12.4,0,"quercus.robur"
98,"2010",100,9.27,0.2,"quercus.robur"
100,"2010",107,12.4,0,"quercus.robur"
108,"2010",115,11.65,0,"quercus.robur"
112,"2010",66,8.38,0,"quercus.robur"
98,"2010",137,9.27,0.2,"quercus.robur"
102,"2010",146,7.221,0,"quercus.robur"
88,"2011",215,3.985,1.2,"quercus.robur"
107,"2010",144,7.906,0,"quercus.robur"
93,"2011",144,9.83,0,"quercus.robur"
109,"2010",206,10.76,0,"quercus.robur"
91,"2011",206,11.22,0,"quercus.robur"
88,"2011",171,3.985,1.2,"quercus.robur"
93,"2011",161,9.83,0,"quercus.robur"
111,"2010",194,7.051,0,"quercus.robur"
88,"2011",194,3.985,1.2,"quercus.robur"
93,"2011",88,9.83,0,"quercus.robur"
93,"2011",139,9.83,0,"quercus.robur"
95,"2011",99,9.46,1.2,"quercus.robur"
93,"2011",117,9.83,0,"quercus.robur"
97,"2011",143,13.97,0,"quercus.robur"
97,"2011",126,13.97,0,"quercus.robur"
93,"2011",167,9.83,0,"quercus.robur"
97,"2011",133,13.97,0,"quercus.robur"
97,"2011",135,13.97,0,"quercus.robur"
95,"2011",138,9.46,1.2,"quercus.robur"
109,"2010",76,10.76,0,"quercus.robur"
95,"2011",76,9.46,1.2,"quercus.robur"
97,"2011",66,13.97,0,"quercus.robur"
113,"2010",126,10.35,0,"quercus.robur"
97,"2011",75,13.97,0,"quercus.robur"
95,"2011",118,9.46,1.2,"quercus.robur"
97,"2011",85,13.97,0,"quercus.robur"
97,"2011",90,13.97,0,"quercus.robur"
86,"2011",160,6.325,0.1,"quercus.robur"
88,"2011",199,3.985,1.2,"quercus.robur"
97,"2011",90,13.97,0,"quercus.robur"
103,"2010",180,9.27,0,"quercus.robur"
91,"2011",180,11.22,0,"quercus.robur"
93,"2011",192,9.83,0,"quercus.robur"
89,"2011",125,9.66,0.7,"quercus.robur"
98,"2011",65,12.85,0,"quercus.robur"
92,"2011",378,13.87,0,"quercus.robur"
92,"2011",100,13.87,0,"quercus.robur"
100,"2011",67,10.48,0,"quercus.robur"
92,"2011",78,13.87,0,"quercus.robur"
94,"2011",69,8.91,0,"quercus.robur"
92,"2011",82,13.87,0,"quercus.robur"
85,"2011",127,8.61,0,"quercus.robur"
94,"2011",123,8.91,0,"quercus.robur"
98,"2011",105,12.85,0,"quercus.robur"
96,"2011",90,16.52,0,"quercus.robur"
92,"2011",92,13.87,0,"quercus.robur"
94,"2011",82,8.91,0,"quercus.robur"
98,"2011",91,12.85,0,"quercus.robur"
111,"2010",94,7.051,0,"quercus.robur"
98,"2011",94,12.85,0,"quercus.robur"
96,"2011",71,16.52,0,"quercus.robur"
92,"2011",125,13.87,0,"quercus.robur"
94,"2011",104,8.91,0,"quercus.robur"
94,"2011",125,8.91,0,"quercus.robur"
94,"2011",113,8.91,0,"quercus.robur"
98,"2011",109,12.85,0,"quercus.robur"
100,"2011",89,10.48,0,"quercus.robur"
94,"2011",110,8.91,0,"quercus.robur"
109,"2010",78,10.76,0,"quercus.robur"
100,"2011",71,10.48,0,"quercus.robur"
96,"2011",122,16.52,0,"quercus.robur"
96,"2011",120,16.52,0,"quercus.robur"
98,"2011",90,12.85,0,"quercus.robur"
96,"2011",68,16.52,0,"quercus.robur"
85,"2011",133,8.61,0,"quercus.robur"
96,"2011",63,16.52,0,"quercus.robur"
96,"2011",87,16.52,0,"quercus.robur"
96,"2011",80,16.52,0,"quercus.robur"
96,"2011",113,16.52,0,"quercus.robur"
92,"2011",382,13.87,0,"quercus.robur"
98,"2011",67,12.85,0,"quercus.robur"
94,"2011",171,8.91,0,"quercus.robur"
89,"2011",159,9.66,0.7,"quercus.robur"
92,"2011",211,13.87,0,"quercus.robur"
94,"2011",85,8.91,0,"quercus.robur"
98,"2011",118,12.85,0,"quercus.robur"
92,"2011",112,13.87,0,"quercus.robur"
92,"2011",141,13.87,0,"quercus.robur"
92,"2011",442,13.87,0,"quercus.robur"
97,"2011",114,13.97,0,"quercus.robur"
107,"2010",114,7.906,0,"quercus.robur"
97,"2011",114,13.97,0,"quercus.robur"
95,"2011",134,9.46,1.2,"quercus.robur"
94,"2011",82,8.91,0,"quercus.robur"
96,"2011",82,16.52,0,"quercus.robur"
89,"2011",115,9.66,0.7,"quercus.robur"
96,"2011",39,16.52,0,"quercus.robur"
96,"2011",45,16.52,0,"quercus.robur"
96,"2011",109,16.52,0,"quercus.robur"
99,"2010",168,12.4,0,"quercus.robur"
96,"2011",168,16.52,0,"quercus.robur"
96,"2011",59,16.52,0,"quercus.robur"
96,"2011",52,16.52,0,"quercus.robur"
96,"2011",56,16.52,0,"quercus.robur"
96,"2011",33,16.52,0,"quercus.robur"
92,"2011",51,13.87,0,"quercus.robur"
96,"2011",44,16.52,0,"quercus.robur"
102,"2011",31,8.57,0,"quercus.robur"
94,"2011",86,8.91,0,"quercus.robur"
96,"2011",41,16.52,0,"quercus.robur"
98,"2011",49,12.85,0,"quercus.robur"
94,"2011",47,8.91,0,"quercus.robur"
100,"2011",67,10.48,0,"quercus.robur"
98,"2011",21,12.85,0,"quercus.robur"
96,"2011",35,16.52,0,"quercus.robur"
98,"2011",44,12.85,0,"quercus.robur"
96,"2011",72,16.52,0,"quercus.robur"
96,"2011",109,16.52,0,"quercus.robur"
98,"2011",28,12.85,0,"quercus.robur"
96,"2011",117,16.52,0,"quercus.robur"
92,"2011",200,13.87,0,"quercus.robur"
97,"2010",220,8.39,0.1,"quercus.robur"
96,"2011",220,16.52,0,"quercus.robur"
104,"2010",448,6.749,0,"quercus.robur"
114,"2010",55,12.19,0,"quercus.robur"
104,"2010",61,6.749,0,"quercus.robur"
104,"2010",150,6.749,0,"quercus.robur"
100,"2010",218,12.4,0,"quercus.robur"
100,"2010",169,12.4,0,"quercus.robur"
114,"2010",64,12.19,0,"quercus.robur"
102,"2010",292,7.221,0,"quercus.robur"
104,"2010",81,6.749,0,"quercus.robur"
104,"2010",190,6.749,0,"quercus.robur"
112,"2010",62,8.38,0,"quercus.robur"
100,"2010",64,12.4,0,"quercus.robur"
106,"2010",74,7.902,0,"quercus.robur"
114,"2010",36,12.19,0,"quercus.robur"
102,"2010",83,7.221,0,"quercus.robur"
102,"2010",63,7.221,0,"quercus.robur"
102,"2010",139,7.221,0,"quercus.robur"
102,"2010",100,7.221,0,"quercus.robur"
102,"2010",193,7.221,0,"quercus.robur"
102,"2010",86,7.221,0,"quercus.robur"
102,"2010",166,7.221,0,"quercus.robur"
108,"2010",112,11.65,0,"quercus.robur"
102,"2010",83,7.221,0,"quercus.robur"
100,"2010",145,12.4,0,"quercus.robur"
106,"2010",55,7.902,0,"quercus.robur"
106,"2010",148,7.902,0,"quercus.robur"
108,"2010",193,11.65,0,"quercus.robur"
112,"2010",68,8.38,0,"quercus.robur"
108,"2010",140,11.65,0,"quercus.robur"
112,"2010",79,8.38,0,"quercus.robur"
112,"2010",71,8.38,0,"quercus.robur"
112,"2010",69,8.38,0,"quercus.robur"
112,"2010",82,8.38,0,"quercus.robur"
102,"2010",51,7.221,0,"quercus.robur"
112,"2010",92,8.38,0,"quercus.robur"
112,"2010",153,8.38,0,"quercus.robur"
108,"2010",136,11.65,0,"quercus.robur"
112,"2010",111,8.38,0,"quercus.robur"
116,"2010",57,11.07,1,"quercus.robur"
106,"2010",171,7.902,0,"quercus.robur"
114,"2010",139,12.19,0,"quercus.robur"
114,"2010",67,12.19,0,"quercus.robur"
112,"2010",88,8.38,0,"quercus.robur"
108,"2010",163,11.65,0,"quercus.robur"
112,"2010",177,8.38,0,"quercus.robur"
114,"2010",81,12.19,0,"quercus.robur"
114,"2010",100,12.19,0,"quercus.robur"
114,"2010",71,12.19,0,"quercus.robur"
108,"2010",141,11.65,0,"quercus.robur"
112,"2010",89,8.38,0,"quercus.robur"
114,"2010",115,12.19,0,"quercus.robur"
112,"2010",121,8.38,0,"quercus.robur"
114,"2010",91,12.19,0,"quercus.robur"
108,"2010",123,11.65,0,"quercus.robur"
112,"2010",134,8.38,0,"quercus.robur"
112,"2010",161,8.38,0,"quercus.robur"
108,"2010",100,11.65,0,"quercus.robur"
104,"2010",165,6.749,0,"quercus.robur"
112,"2010",152,8.38,0,"quercus.robur"
112,"2010",84,8.38,0,"quercus.robur"
108,"2010",93,11.65,0,"quercus.robur"
112,"2010",100,8.38,0,"quercus.robur"
108,"2010",122,11.65,0,"quercus.robur"
112,"2010",49,8.38,0,"quercus.robur"
106,"2010",153,7.902,0,"quercus.robur"
112,"2010",53,8.38,0,"quercus.robur"
106,"2010",223,7.902,0,"quercus.robur"
106,"2010",165,7.902,0,"quercus.robur"
112,"2010",118,8.38,0,"quercus.robur"
104,"2010",140,6.749,0,"quercus.robur"
106,"2010",87,7.902,0,"quercus.robur"
108,"2010",133,11.65,0,"quercus.robur"
112,"2010",98,8.38,0,"quercus.robur"
108,"2010",110,11.65,0,"quercus.robur"
112,"2010",97,8.38,0,"quercus.robur"
116,"2010",38,11.07,1,"quercus.robur"
104,"2010",152,6.749,0,"quercus.robur"
106,"2010",124,7.902,0,"quercus.robur"
104,"2010",120,6.749,0,"quercus.robur"
106,"2010",153,7.902,0,"quercus.robur"
93,"2011",190,9.83,0,"quercus.robur"
88,"2011",249,3.985,1.2,"quercus.robur"
107,"2010",152,7.906,0,"quercus.robur"
95,"2011",152,9.46,1.2,"quercus.robur"
93,"2011",196,9.83,0,"quercus.robur"
107,"2010",52,7.906,0,"quercus.robur"
97,"2011",52,13.97,0,"quercus.robur"
107,"2010",250,7.906,0,"quercus.robur"
95,"2011",250,9.46,1.2,"quercus.robur"
107,"2010",197,7.906,0,"quercus.robur"
95,"2011",197,9.46,1.2,"quercus.robur"
91,"2011",368,11.22,0,"quercus.robur"
88,"2011",241,3.985,1.2,"quercus.robur"
93,"2011",91,9.83,0,"quercus.robur"
93,"2011",66,9.83,0,"quercus.robur"
93,"2011",107,9.83,0,"quercus.robur"
91,"2011",80,11.22,0,"quercus.robur"
97,"2011",68,13.97,0,"quercus.robur"
99,"2011",49,14.15,0,"quercus.robur"
99,"2011",42,14.15,0,"quercus.robur"
87,"2011",190,8.3,0,"quercus.robur"
96,"2011",107,16.52,0,"quercus.robur"
104,"2011",55,8.81,0.1,"quercus.robur"
94,"2011",207,8.91,0,"quercus.robur"
96,"2011",174,16.52,0,"quercus.robur"
96,"2011",131,16.52,0,"quercus.robur"
107,"2010",122,7.906,0,"quercus.robur"
92,"2011",122,13.87,0,"quercus.robur"
89,"2011",75,9.66,0.7,"quercus.robur"
101,"2010",101,7.499,0,"quercus.robur"
98,"2011",101,12.85,0,"quercus.robur"
103,"2010",100,9.27,0,"quercus.robur"
98,"2011",100,12.85,0,"quercus.robur"
101,"2010",31,7.499,0,"quercus.robur"
100,"2011",31,10.48,0,"quercus.robur"
87,"2011",99,8.3,0,"quercus.robur"
89,"2011",130,9.66,0.7,"quercus.robur"
94,"2011",77,8.91,0,"quercus.robur"
101,"2010",46,7.499,0,"quercus.robur"
107,"2010",49,7.906,0,"quercus.robur"
89,"2011",95,9.66,0.7,"quercus.robur"
94,"2011",86,8.91,0,"quercus.robur"
87,"2011",100,8.3,0,"quercus.robur"
101,"2010",59,7.499,0,"quercus.robur"
94,"2011",59,8.91,0,"quercus.robur"
96,"2011",32,16.52,0,"quercus.robur"
94,"2011",108,8.91,0,"quercus.robur"
100,"2011",33,10.48,0,"quercus.robur"
98,"2011",30,12.85,0,"quercus.robur"
98,"2011",25,12.85,0,"quercus.robur"
92,"2011",131,13.87,0,"quercus.robur"
92,"2011",168,13.87,0,"quercus.robur"
89,"2011",108,9.66,0.7,"quercus.robur"
94,"2011",61,8.91,0,"quercus.robur"
96,"2011",95,16.52,0,"quercus.robur"
89,"2011",87,9.66,0.7,"quercus.robur"
96,"2011",82,16.52,0,"quercus.robur"
92,"2011",73,13.87,0,"quercus.robur"
100,"2011",51,10.48,0,"quercus.robur"
94,"2011",110,8.91,0,"quercus.robur"
98,"2011",50,12.85,0,"quercus.robur"
96,"2011",80,16.52,0,"quercus.robur"
98,"2011",63,12.85,0,"quercus.robur"
96,"2011",125,16.52,0,"quercus.robur"
94,"2011",68,8.91,0,"quercus.robur"
96,"2011",79,16.52,0,"quercus.robur"
96,"2011",76,16.52,0,"quercus.robur"
96,"2011",105,16.52,0,"quercus.robur"
92,"2011",85,13.87,0,"quercus.robur"
100,"2011",65,10.48,0,"quercus.robur"
96,"2011",150,16.52,0,"quercus.robur"
96,"2011",91,16.52,0,"quercus.robur"
94,"2011",124,8.91,0,"quercus.robur"
96,"2011",130,16.52,0,"quercus.robur"
96,"2011",132,16.52,0,"quercus.robur"
94,"2011",178,8.91,0,"quercus.robur"
98,"2011",83,12.85,0,"quercus.robur"
94,"2011",64,8.91,0,"quercus.robur"
98,"2011",54,12.85,0,"quercus.robur"
92,"2011",261,13.87,0,"quercus.robur"
96,"2011",134,16.52,0,"quercus.robur"
94,"2011",80,8.91,0,"quercus.robur"
98,"2011",60,12.85,0,"quercus.robur"
89,"2011",136,9.66,0.7,"quercus.robur"
92,"2011",177,13.87,0,"quercus.robur"
92,"2011",48,13.87,0,"quercus.robur"
92,"2011",133,13.87,0,"quercus.robur"
96,"2011",240,16.52,0,"quercus.robur"
96,"2011",69,16.52,0,"quercus.robur"
94,"2011",122,8.91,0,"quercus.robur"
92,"2011",165,13.87,0,"quercus.robur"
94,"2011",196,8.91,0,"quercus.robur"
96,"2011",140,16.52,0,"quercus.robur"
89,"2011",88,9.66,0.7,"quercus.robur"
101,"2010",197,7.499,0,"quercus.robur"
92,"2011",197,13.87,0,"quercus.robur"
94,"2011",84,8.91,0,"quercus.robur"
94,"2011",167,8.91,0,"quercus.robur"
94,"2011",130,8.91,0,"quercus.robur"
96,"2011",146,16.52,0,"quercus.robur"
101,"2010",88,7.499,0,"quercus.robur"
97,"2010",174,8.39,0.1,"quercus.robur"
96,"2011",174,16.52,0,"quercus.robur"
98,"2011",94,12.85,0,"quercus.robur"
89,"2011",118,9.66,0.7,"quercus.robur"
93,"2011",44,9.83,0,"quercus.robur"
86,"2011",325,6.325,0.1,"quercus.robur"
91,"2011",114,11.22,0,"quercus.robur"
88,"2011",243,3.985,1.2,"quercus.robur"
103,"2010",85,9.27,0,"quercus.robur"
88,"2011",85,3.985,1.2,"quercus.robur"
93,"2011",101,9.83,0,"quercus.robur"
91,"2011",92,11.22,0,"quercus.robur"
93,"2011",104,9.83,0,"quercus.robur"
103,"2010",52,9.27,0,"quercus.robur"
95,"2011",52,9.46,1.2,"quercus.robur"
93,"2011",114,9.83,0,"quercus.robur"
111,"2010",39,7.051,0,"quercus.robur"
93,"2011",93,9.83,0,"quercus.robur"
95,"2011",113,9.46,1.2,"quercus.robur"
103,"2010",88,9.27,0,"quercus.robur"
95,"2011",88,9.46,1.2,"quercus.robur"
91,"2011",280,11.22,0,"quercus.robur"
91,"2011",267,11.22,0,"quercus.robur"
91,"2011",181,11.22,0,"quercus.robur"
99,"2011",29,14.15,0,"quercus.robur"
93,"2011",84,9.83,0,"quercus.robur"
93,"2011",141,9.83,0,"quercus.robur"
97,"2011",32,13.97,0,"quercus.robur"
97,"2011",73,13.97,0,"quercus.robur"
97,"2011",36,13.97,0,"quercus.robur"
99,"2011",68,14.15,0,"quercus.robur"
86,"2011",135,6.325,0.1,"quercus.robur"
91,"2011",209,11.22,0,"quercus.robur"
86,"2011",168,6.325,0.1,"quercus.robur"
93,"2011",104,9.83,0,"quercus.robur"
93,"2011",81,9.83,0,"quercus.robur"
86,"2011",258,6.325,0.1,"quercus.robur"
95,"2011",272,9.46,1.2,"quercus.robur"
93,"2011",172,9.83,0,"quercus.robur"
93,"2011",199,9.83,0,"quercus.robur"
95,"2011",61,9.46,1.2,"quercus.robur"
95,"2011",125,9.46,1.2,"quercus.robur"
91,"2011",451,11.22,0,"quercus.robur"
95,"2011",111,9.46,1.2,"quercus.robur"
95,"2011",193,9.46,1.2,"quercus.robur"
93,"2011",172,9.83,0,"quercus.robur"
95,"2011",107,9.46,1.2,"quercus.robur"
93,"2011",206,9.83,0,"quercus.robur"
97,"2011",172,13.97,0,"quercus.robur"
95,"2011",178,9.46,1.2,"quercus.robur"
95,"2011",130,9.46,1.2,"quercus.robur"
88,"2011",221,3.985,1.2,"quercus.robur"
97,"2011",69,13.97,0,"quercus.robur"
97,"2011",25,13.97,0,"quercus.robur"
97,"2011",87,13.97,0,"quercus.robur"
97,"2011",25,13.97,0,"quercus.robur"
91,"2011",98,11.22,0,"quercus.robur"
97,"2011",74,13.97,0,"quercus.robur"
86,"2011",65,6.325,0.1,"quercus.robur"
99,"2011",22,14.15,0,"quercus.robur"
97,"2011",73,13.97,0,"quercus.robur"
103,"2011",47,7.625,0,"quercus.robur"
115,"2010",48,11.31,2.2,"quercus.robur"
103,"2011",48,7.625,0,"quercus.robur"
97,"2011",100,13.97,0,"quercus.robur"
97,"2011",94,13.97,0,"quercus.robur"
95,"2011",128,9.46,1.2,"quercus.robur"
99,"2011",45,14.15,0,"quercus.robur"
97,"2011",48,13.97,0,"quercus.robur"
99,"2011",20,14.15,0,"quercus.robur"
93,"2011",250,9.83,0,"quercus.robur"
97,"2011",86,13.97,0,"quercus.robur"
95,"2011",57,9.46,1.2,"quercus.robur"
93,"2011",63,9.83,0,"quercus.robur"
97,"2011",51,13.97,0,"quercus.robur"
99,"2011",20,14.15,0,"quercus.robur"
107,"2010",233,7.906,0,"quercus.robur"
97,"2011",233,13.97,0,"quercus.robur"
103,"2011",27,7.625,0,"quercus.robur"
93,"2011",156,9.83,0,"quercus.robur"
88,"2011",181,3.985,1.2,"quercus.robur"
93,"2011",150,9.83,0,"quercus.robur"
103,"2010",125,9.27,0,"quercus.robur"
95,"2011",125,9.46,1.2,"quercus.robur"
93,"2011",370,9.83,0,"quercus.robur"
88,"2011",544,3.985,1.2,"quercus.robur"
91,"2011",491,11.22,0,"quercus.robur"
88,"2011",465,3.985,1.2,"quercus.robur"
88,"2011",246,3.985,1.2,"quercus.robur"
86,"2011",472,6.325,0.1,"quercus.robur"
107,"2010",66,7.906,0,"quercus.robur"
107,"2010",106,7.906,0,"quercus.robur"
93,"2011",106,9.83,0,"quercus.robur"
107,"2010",138,7.906,0,"quercus.robur"
95,"2011",138,9.46,1.2,"quercus.robur"
99,"2010",70,12.4,0,"quercus.robur"
86,"2011",70,6.325,0.1,"quercus.robur"
93,"2011",247,9.83,0,"quercus.robur"
97,"2011",86,13.97,0,"quercus.robur"
97,"2011",119,13.97,0,"quercus.robur"
99,"2011",91,14.15,0,"quercus.robur"
99,"2011",155,14.15,0,"quercus.robur"
93,"2011",511,9.83,0,"quercus.robur"
97,"2011",62,13.97,0,"quercus.robur"
97,"2011",108,13.97,0,"quercus.robur"
103,"2011",50,7.625,0,"quercus.robur"
99,"2011",31,14.15,0,"quercus.robur"
91,"2011",137,11.22,0,"quercus.robur"
93,"2011",114,9.83,0,"quercus.robur"
107,"2010",147,7.906,0,"quercus.robur"
97,"2011",147,13.97,0,"quercus.robur"
111,"2010",105,7.051,0,"quercus.robur"
95,"2011",105,9.46,1.2,"quercus.robur"
88,"2011",149,3.985,1.2,"quercus.robur"
93,"2011",306,9.83,0,"quercus.robur"
88,"2011",478,3.985,1.2,"quercus.robur"
88,"2011",321,3.985,1.2,"quercus.robur"
95,"2011",118,9.46,1.2,"quercus.robur"
105,"2010",75,7.5,0,"quercus.robur"
97,"2011",75,13.97,0,"quercus.robur"
99,"2011",241,14.15,0,"quercus.robur"
94,"2011",194,8.91,0,"quercus.robur"
94,"2011",140,8.91,0,"quercus.robur"
96,"2011",179,16.52,0,"quercus.robur"
89,"2011",179,9.66,0.7,"quercus.robur"
98,"2011",190,12.85,0,"quercus.robur"
94,"2011",28,8.91,0,"quercus.robur"
96,"2011",22,16.52,0,"quercus.robur"
98,"2011",37,12.85,0,"quercus.robur"
94,"2011",92,8.91,0,"quercus.robur"
96,"2011",69,16.52,0,"quercus.robur"
89,"2011",136,9.66,0.7,"quercus.robur"
94,"2011",75,8.91,0,"quercus.robur"
94,"2011",127,8.91,0,"quercus.robur"
96,"2011",81,16.52,0,"quercus.robur"
94,"2011",187,8.91,0,"quercus.robur"
109,"2010",110,10.76,0,"quercus.robur"
96,"2011",110,16.52,0,"quercus.robur"
92,"2011",152,13.87,0,"quercus.robur"
96,"2011",89,16.52,0,"quercus.robur"
92,"2011",178,13.87,0,"quercus.robur"
98,"2011",64,12.85,0,"quercus.robur"
96,"2011",71,16.52,0,"quercus.robur"
96,"2011",97,16.52,0,"quercus.robur"
96,"2011",84,16.52,0,"quercus.robur"
96,"2011",157,16.52,0,"quercus.robur"
109,"2010",174,10.76,0,"quercus.robur"
94,"2011",174,8.91,0,"quercus.robur"
98,"2011",102,12.85,0,"quercus.robur"
96,"2011",57,16.52,0,"quercus.robur"
98,"2011",20,12.85,0,"quercus.robur"
94,"2011",155,8.91,0,"quercus.robur"
94,"2011",113,8.91,0,"quercus.robur"
96,"2011",70,16.52,0,"quercus.robur"
96,"2011",175,16.52,0,"quercus.robur"
100,"2011",103,10.48,0,"quercus.robur"
92,"2011",98,13.87,0,"quercus.robur"
85,"2011",140,8.61,0,"quercus.robur"
96,"2011",122,16.52,0,"quercus.robur"
96,"2011",110,16.52,0,"quercus.robur"
96,"2011",117,16.52,0,"quercus.robur"
96,"2011",72,16.52,0,"quercus.robur"
98,"2011",38,12.85,0,"quercus.robur"
96,"2011",131,16.52,0,"quercus.robur"
94,"2011",145,8.91,0,"quercus.robur"
96,"2011",141,16.52,0,"quercus.robur"
98,"2011",51,12.85,0,"quercus.robur"
98,"2011",78,12.85,0,"quercus.robur"
96,"2011",74,16.52,0,"quercus.robur"
96,"2011",94,16.52,0,"quercus.robur"
98,"2011",72,12.85,0,"quercus.robur"
94,"2011",80,8.91,0,"quercus.robur"
94,"2011",92,8.91,0,"quercus.robur"
94,"2011",128,8.91,0,"quercus.robur"
94,"2011",84,8.91,0,"quercus.robur"
98,"2011",58,12.85,0,"quercus.robur"
111,"2010",64,7.051,0,"quercus.robur"
98,"2011",64,12.85,0,"quercus.robur"
102,"2011",37,8.57,0,"quercus.robur"
98,"2011",81,12.85,0,"quercus.robur"
98,"2011",119,12.85,0,"quercus.robur"
96,"2011",138,16.52,0,"quercus.robur"
91,"2011",112,11.22,0,"quercus.robur"
88,"2011",256,3.985,1.2,"quercus.robur"
98,"2011",69,12.85,0,"quercus.robur"
96,"2011",125,16.52,0,"quercus.robur"
96,"2011",141,16.52,0,"quercus.robur"
96,"2011",128,16.52,0,"quercus.robur"
94,"2011",99,8.91,0,"quercus.robur"
102,"2011",55,8.57,0,"quercus.robur"
94,"2011",124,8.91,0,"quercus.robur"
92,"2011",136,13.87,0,"quercus.robur"
102,"2011",40,8.57,0,"quercus.robur"
111,"2010",73,7.051,0,"quercus.robur"
94,"2011",58,8.91,0,"quercus.robur"
94,"2011",210,8.91,0,"quercus.robur"
94,"2011",102,8.91,0,"quercus.robur"
96,"2011",108,16.52,0,"quercus.robur"
89,"2011",149,9.66,0.7,"quercus.robur"
96,"2011",85,16.52,0,"quercus.robur"
98,"2011",53,12.85,0,"quercus.robur"
98,"2011",80,12.85,0,"quercus.robur"
89,"2011",111,9.66,0.7,"quercus.robur"
98,"2011",50,12.85,0,"quercus.robur"
89,"2011",107,9.66,0.7,"quercus.robur"
100,"2011",57,10.48,0,"quercus.robur"
98,"2011",117,12.85,0,"quercus.robur"
98,"2011",57,12.85,0,"quercus.robur"
96,"2011",90,16.52,0,"quercus.robur"
96,"2011",113,16.52,0,"quercus.robur"
105,"2010",125,7.5,0,"quercus.robur"
92,"2011",125,13.87,0,"quercus.robur"
102,"2011",54,8.57,0,"quercus.robur"
89,"2011",398,9.66,0.7,"quercus.robur"
96,"2011",147,16.52,0,"quercus.robur"
96,"2011",161,16.52,0,"quercus.robur"
96,"2011",75,16.52,0,"quercus.robur"
97,"2010",149,8.39,0.1,"quercus.robur"
96,"2011",149,16.52,0,"quercus.robur"
96,"2011",260,16.52,0,"quercus.robur"
96,"2011",258,16.52,0,"quercus.robur"
98,"2011",94,12.85,0,"quercus.robur"
100,"2011",92,10.48,0,"quercus.robur"
96,"2011",138,16.52,0,"quercus.robur"
92,"2011",126,13.87,0,"quercus.robur"
96,"2011",133,16.52,0,"quercus.robur"
92,"2011",158,13.87,0,"quercus.robur"
92,"2011",193,13.87,0,"quercus.robur"
96,"2011",107,16.52,0,"quercus.robur"
96,"2011",106,16.52,0,"quercus.robur"
96,"2011",115,16.52,0,"quercus.robur"
96,"2011",88,16.52,0,"quercus.robur"
96,"2011",116,16.52,0,"quercus.robur"
98,"2011",80,12.85,0,"quercus.robur"
98,"2011",79,12.85,0,"quercus.robur"
98,"2011",59,12.85,0,"quercus.robur"
96,"2011",144,16.52,0,"quercus.robur"
96,"2011",40,16.52,0,"quercus.robur"
100,"2011",41,10.48,0,"quercus.robur"
96,"2011",177,16.52,0,"quercus.robur"
98,"2011",103,12.85,0,"quercus.robur"
94,"2011",390,8.91,0,"quercus.robur"
94,"2011",90,8.91,0,"quercus.robur"
94,"2011",144,8.91,0,"quercus.robur"
100,"2011",39,10.48,0,"quercus.robur"
94,"2011",420,8.91,0,"quercus.robur"
98,"2011",38,12.85,0,"quercus.robur"
96,"2011",56,16.52,0,"quercus.robur"
96,"2011",107,16.52,0,"quercus.robur"
96,"2011",76,16.52,0,"quercus.robur"
96,"2011",99,16.52,0,"quercus.robur"
89,"2011",280,9.66,0.7,"quercus.robur"
105,"2010",61,7.5,0,"quercus.robur"
98,"2011",61,12.85,0,"quercus.robur"
94,"2011",385,8.91,0,"quercus.robur"
96,"2011",120,16.52,0,"quercus.robur"
94,"2011",143,8.91,0,"quercus.robur"
89,"2011",201,9.66,0.7,"quercus.robur"
89,"2011",295,9.66,0.7,"quercus.robur"
100,"2010",403,12.4,0,"quercus.robur"
100,"2010",132,12.4,0,"quercus.robur"
106,"2010",81,7.902,0,"quercus.robur"
106,"2010",64,7.902,0,"quercus.robur"
100,"2010",78,12.4,0,"quercus.robur"
100,"2010",165,12.4,0,"quercus.robur"
112,"2010",131,8.38,0,"quercus.robur"
104,"2010",59,6.749,0,"quercus.robur"
100,"2010",155,12.4,0,"quercus.robur"
106,"2010",117,7.902,0,"quercus.robur"
106,"2010",102,7.902,0,"quercus.robur"
114,"2010",125,12.19,0,"quercus.robur"
100,"2010",103,12.4,0,"quercus.robur"
108,"2010",107,11.65,0,"quercus.robur"
106,"2010",72,7.902,0,"quercus.robur"
104,"2010",100,6.749,0,"quercus.robur"
112,"2010",155,8.38,0,"quercus.robur"
108,"2010",169,11.65,0,"quercus.robur"
108,"2010",116,11.65,0,"quercus.robur"
108,"2010",111,11.65,0,"quercus.robur"
108,"2010",47,11.65,0,"quercus.robur"
112,"2010",110,8.38,0,"quercus.robur"
108,"2010",93,11.65,0,"quercus.robur"
108,"2010",218,11.65,0,"quercus.robur"
112,"2010",113,8.38,0,"quercus.robur"
108,"2010",77,11.65,0,"quercus.robur"
93,"2011",79,9.83,0,"quercus.robur"
91,"2011",130,11.22,0,"quercus.robur"
97,"2011",57,13.97,0,"quercus.robur"
97,"2011",50,13.97,0,"quercus.robur"
99,"2011",99,14.15,0,"quercus.robur"
91,"2011",82,11.22,0,"quercus.robur"
91,"2011",120,11.22,0,"quercus.robur"
111,"2010",99,7.051,0,"quercus.robur"
93,"2011",104,9.83,0,"quercus.robur"
99,"2011",45,14.15,0,"quercus.robur"
105,"2011",83,10.57,0,"quercus.robur"
97,"2011",60,13.97,0,"quercus.robur"
105,"2010",425,7.5,0,"quercus.robur"
88,"2011",425,3.985,1.2,"quercus.robur"
117,"2010",68,15.18,0,"quercus.robur"
99,"2011",60,14.15,0,"quercus.robur"
111,"2010",109,7.051,0,"quercus.robur"
93,"2011",216,9.83,0,"quercus.robur"
107,"2010",73,7.906,0,"quercus.robur"
105,"2010",202,7.5,0,"quercus.robur"
99,"2011",20,14.15,0,"quercus.robur"
102,"2010",110,7.221,0,"quercus.robur"
104,"2010",161,6.749,0,"quercus.robur"
102,"2010",138,7.221,0,"quercus.robur"
104,"2010",100,6.749,0,"quercus.robur"
89,"2011",400,9.66,0.7,"quercus.robur"
98,"2011",107,12.85,0,"quercus.robur"
85,"2011",165,8.61,0,"quercus.robur"
96,"2011",109,16.52,0,"quercus.robur"
96,"2011",91,16.52,0,"quercus.robur"
96,"2011",95,16.52,0,"quercus.robur"
103,"2010",111,9.27,0,"quercus.robur"
96,"2011",111,16.52,0,"quercus.robur"
93,"2011",175,9.83,0,"quercus.robur"
93,"2011",98,9.83,0,"quercus.robur"
111,"2010",213,7.051,0,"quercus.robur"
97,"2011",213,13.97,0,"quercus.robur"
97,"2011",74,13.97,0,"quercus.robur"
97,"2011",213,13.97,0,"quercus.robur"
99,"2011",58,14.15,0,"quercus.robur"
99,"2011",103,14.15,0,"quercus.robur"
99,"2011",46,14.15,0,"quercus.robur"
109,"2010",85,10.76,0,"quercus.robur"
88,"2011",85,3.985,1.2,"quercus.robur"
95,"2011",94,9.46,1.2,"quercus.robur"
101,"2011",37,13.46,0,"quercus.robur"
99,"2011",24,14.15,0,"quercus.robur"
97,"2011",151,13.97,0,"quercus.robur"
88,"2011",320,3.985,1.2,"quercus.robur"
102,"2010",336,7.221,0,"quercus.robur"
108,"2010",203,11.65,0,"quercus.robur"
108,"2010",199,11.65,0,"quercus.robur"
108,"2010",307,11.65,0,"quercus.robur"
108,"2010",93,11.65,0,"quercus.robur"
112,"2010",69,8.38,0,"quercus.robur"
114,"2010",94,12.19,0,"quercus.robur"
108,"2010",78,11.65,0,"quercus.robur"
108,"2010",93,11.65,0,"quercus.robur"
108,"2010",214,11.65,0,"quercus.robur"
112,"2010",144,8.38,0,"quercus.robur"
112,"2010",97,8.38,0,"quercus.robur"
108,"2010",191,11.65,0,"quercus.robur"
93,"2011",160,9.83,0,"quercus.robur"
91,"2011",82,11.22,0,"quercus.robur"
99,"2011",81,14.15,0,"quercus.robur"
99,"2011",65,14.15,0,"quercus.robur"
97,"2011",92,13.97,0,"quercus.robur"
91,"2011",170,11.22,0,"quercus.robur"
97,"2011",65,13.97,0,"quercus.robur"
93,"2011",92,9.83,0,"quercus.robur"
107,"2010",60,7.906,0,"quercus.robur"
91,"2011",141,11.22,0,"quercus.robur"
101,"2011",41,13.46,0,"quercus.robur"
99,"2011",112,14.15,0,"quercus.robur"
99,"2011",100,14.15,0,"quercus.robur"
97,"2011",300,13.97,0,"quercus.robur"
97,"2011",292,13.97,0,"quercus.robur"
97,"2011",78,13.97,0,"quercus.robur"
106,"2010",61,7.902,0,"quercus.robur"
99,"2010",70,12.4,0,"quercus.robur"
116,"2010",43,11.07,1,"quercus.robur"
102,"2010",199,7.221,0,"quercus.robur"
100,"2010",123,12.4,0,"quercus.robur"
108,"2010",74,11.65,0,"quercus.robur"
98,"2010",65,9.27,0.2,"quercus.robur"
100,"2010",188,12.4,0,"quercus.robur"
100,"2010",50,12.4,0,"quercus.robur"
100,"2010",26,12.4,0,"quercus.robur"
100,"2010",84,12.4,0,"quercus.robur"
98,"2010",244,9.27,0.2,"quercus.robur"
98,"2010",229,9.27,0.2,"quercus.robur"
100,"2010",114,12.4,0,"quercus.robur"
106,"2010",84,7.902,0,"quercus.robur"
91,"2011",153,11.22,0,"quercus.robur"
99,"2011",74,14.15,0,"quercus.robur"
95,"2011",158,9.46,1.2,"quercus.robur"
97,"2011",140,13.97,0,"quercus.robur"
97,"2011",107,13.97,0,"quercus.robur"
99,"2011",155,14.15,0,"quercus.robur"
105,"2010",137,7.5,0,"quercus.robur"
99,"2011",137,14.15,0,"quercus.robur"
91,"2011",234,11.22,0,"quercus.robur"
93,"2011",238,9.83,0,"quercus.robur"
88,"2011",470,3.985,1.2,"quercus.robur"
99,"2011",66,14.15,0,"quercus.robur"
99,"2011",100,14.15,0,"quercus.robur"
99,"2011",141,14.15,0,"quercus.robur"
99,"2011",144,14.15,0,"quercus.robur"
107,"2010",140,7.906,0,"quercus.robur"
97,"2011",140,13.97,0,"quercus.robur"
97,"2011",105,13.97,0,"quercus.robur"
95,"2011",161,9.46,1.2,"quercus.robur"
93,"2011",140,9.83,0,"quercus.robur"
93,"2011",346,9.83,0,"quercus.robur"
97,"2011",60,13.97,0,"quercus.robur"
97,"2011",245,13.97,0,"quercus.robur"
104,"2010",178,6.749,0,"quercus.robur"
106,"2010",195,7.902,0,"quercus.robur"
106,"2010",133,7.902,0,"quercus.robur"
100,"2010",138,12.4,0,"quercus.robur"
102,"2010",320,7.221,0,"quercus.robur"
102,"2010",111,7.221,0,"quercus.robur"
100,"2010",165,12.4,0,"quercus.robur"
104,"2010",109,6.749,0,"quercus.robur"
108,"2010",58,11.65,0,"quercus.robur"
108,"2010",68,11.65,0,"quercus.robur"
100,"2010",220,12.4,0,"quercus.robur"
100,"2010",447,12.4,0,"quercus.robur"
88,"2011",193,3.985,1.2,"quercus.robur"
111,"2010",127,7.051,0,"quercus.robur"
99,"2011",127,14.15,0,"quercus.robur"
95,"2011",156,9.46,1.2,"quercus.robur"
95,"2011",206,9.46,1.2,"quercus.robur"
107,"2010",97,7.906,0,"quercus.robur"
99,"2011",91,14.15,0,"quercus.robur"
97,"2011",89,13.97,0,"quercus.robur"
97,"2011",143,13.97,0,"quercus.robur"
97,"2011",116,13.97,0,"quercus.robur"
109,"2010",61,10.76,0,"quercus.robur"
97,"2011",61,13.97,0,"quercus.robur"
97,"2011",74,13.97,0,"quercus.robur"
99,"2011",67,14.15,0,"quercus.robur"
95,"2011",235,9.46,1.2,"quercus.robur"
95,"2011",308,9.46,1.2,"quercus.robur"
102,"2010",80,7.221,0,"quercus.robur"
102,"2010",131,7.221,0,"quercus.robur"
102,"2010",110,7.221,0,"quercus.robur"
114,"2010",63,12.19,0,"quercus.robur"
100,"2010",180,12.4,0,"quercus.robur"
98,"2010",179,9.27,0.2,"quercus.robur"
98,"2010",221,9.27,0.2,"quercus.robur"
104,"2010",119,6.749,0,"quercus.robur"
102,"2010",152,7.221,0,"quercus.robur"
104,"2010",93,6.749,0,"quercus.robur"
104,"2010",64,6.749,0,"quercus.robur"
88,"2011",394,3.985,1.2,"quercus.robur"
93,"2011",185,9.83,0,"quercus.robur"
88,"2011",352,3.985,1.2,"quercus.robur"
113,"2010",65,10.35,0,"quercus.robur"
99,"2011",65,14.15,0,"quercus.robur"
99,"2011",343,14.15,0,"quercus.robur"
99,"2011",66,14.15,0,"quercus.robur"
95,"2011",322,9.46,1.2,"quercus.robur"
88,"2011",419,3.985,1.2,"quercus.robur"
97,"2011",345,13.97,0,"quercus.robur"
99,"2011",72,14.15,0,"quercus.robur"
93,"2011",168,9.83,0,"quercus.robur"
95,"2011",149,9.46,1.2,"quercus.robur"
95,"2011",109,9.46,1.2,"quercus.robur"
95,"2011",107,9.46,1.2,"quercus.robur"
95,"2011",111,9.46,1.2,"quercus.robur"
105,"2010",126,7.5,0,"quercus.robur"
93,"2011",126,9.83,0,"quercus.robur"
95,"2011",129,9.46,1.2,"quercus.robur"
88,"2011",216,3.985,1.2,"quercus.robur"
103,"2010",114,9.27,0,"quercus.robur"
91,"2011",114,11.22,0,"quercus.robur"
88,"2011",398,3.985,1.2,"quercus.robur"
99,"2011",125,14.15,0,"quercus.robur"
97,"2011",70,13.97,0,"quercus.robur"
93,"2011",77,9.83,0,"quercus.robur"
107,"2010",67,7.906,0,"quercus.robur"
91,"2011",67,11.22,0,"quercus.robur"
103,"2011",32,7.625,0,"quercus.robur"
97,"2011",67,13.97,0,"quercus.robur"
93,"2011",108,9.83,0,"quercus.robur"
93,"2011",126,9.83,0,"quercus.robur"
93,"2011",59,9.83,0,"quercus.robur"
101,"2011",61,13.46,0,"quercus.robur"
109,"2010",63,10.76,0,"quercus.robur"
109,"2011",63,15.09,0,"quercus.robur"
91,"2011",260,11.22,0,"quercus.robur"
91,"2011",194,11.22,0,"quercus.robur"
107,"2010",86,7.906,0,"quercus.robur"
97,"2011",86,13.97,0,"quercus.robur"
111,"2010",59,7.051,0,"quercus.robur"
97,"2011",59,13.97,0,"quercus.robur"
91,"2011",103,11.22,0,"quercus.robur"
99,"2011",74,14.15,0,"quercus.robur"
99,"2011",57,14.15,0,"quercus.robur"
99,"2011",50,14.15,0,"quercus.robur"
101,"2011",90,13.46,0,"quercus.robur"
101,"2011",67,13.46,0,"quercus.robur"
101,"2011",63,13.46,0,"quercus.robur"
93,"2011",102,9.83,0,"quercus.robur"
97,"2011",90,13.97,0,"quercus.robur"
111,"2010",129,7.051,0,"quercus.robur"
97,"2011",58,13.97,0,"quercus.robur"
107,"2010",96,7.906,0,"quercus.robur"
97,"2011",55,13.97,0,"quercus.robur"
111,"2010",70,7.051,0,"quercus.robur"
97,"2011",70,13.97,0,"quercus.robur"
103,"2011",26,7.625,0,"quercus.robur"
97,"2011",54,13.97,0,"quercus.robur"
93,"2011",110,9.83,0,"quercus.robur"
97,"2011",47,13.97,0,"quercus.robur"
113,"2010",54,10.35,0,"quercus.robur"
97,"2011",54,13.97,0,"quercus.robur"
93,"2011",211,9.83,0,"quercus.robur"
111,"2010",44,7.051,0,"quercus.robur"
107,"2010",255,7.906,0,"quercus.robur"
95,"2011",255,9.46,1.2,"quercus.robur"
91,"2011",318,11.22,0,"quercus.robur"
88,"2011",312,3.985,1.2,"quercus.robur"
105,"2010",265,7.5,0,"quercus.robur"
95,"2011",265,9.46,1.2,"quercus.robur"
99,"2011",72,14.15,0,"quercus.robur"
97,"2011",101,13.97,0,"quercus.robur"
97,"2011",161,13.97,0,"quercus.robur"
97,"2011",124,13.97,0,"quercus.robur"
97,"2011",68,13.97,0,"quercus.robur"
97,"2011",104,13.97,0,"quercus.robur"
97,"2011",71,13.97,0,"quercus.robur"
99,"2011",47,14.15,0,"quercus.robur"
97,"2011",107,13.97,0,"quercus.robur"
91,"2011",136,11.22,0,"quercus.robur"
91,"2011",126,11.22,0,"quercus.robur"
99,"2011",110,14.15,0,"quercus.robur"
113,"2010",73,10.35,0,"quercus.robur"
99,"2011",151,14.15,0,"quercus.robur"
101,"2011",58,13.46,0,"quercus.robur"
99,"2011",37,14.15,0,"quercus.robur"
115,"2010",35,11.31,2.2,"quercus.robur"
101,"2011",35,13.46,0,"quercus.robur"
91,"2011",71,11.22,0,"quercus.robur"
97,"2011",96,13.97,0,"quercus.robur"
105,"2011",60,10.57,0,"quercus.robur"
97,"2011",51,13.97,0,"quercus.robur"
101,"2011",46,13.46,0,"quercus.robur"
97,"2011",69,13.97,0,"quercus.robur"
107,"2010",49,7.906,0,"quercus.robur"
101,"2011",49,13.46,0,"quercus.robur"
88,"2011",113,3.985,1.2,"quercus.robur"
93,"2011",210,9.83,0,"quercus.robur"
91,"2011",203,11.22,0,"quercus.robur"
103,"2010",171,9.27,0,"quercus.robur"
95,"2011",171,9.46,1.2,"quercus.robur"
88,"2011",107,3.985,1.2,"quercus.robur"
105,"2010",211,7.5,0,"quercus.robur"
88,"2011",211,3.985,1.2,"quercus.robur"
95,"2011",201,9.46,1.2,"quercus.robur"
92,"2011",320,13.87,0,"quercus.robur"
96,"2011",115,16.52,0,"quercus.robur"
96,"2011",79,16.52,0,"quercus.robur"
105,"2010",105,7.5,0,"quercus.robur"
96,"2011",105,16.52,0,"quercus.robur"
96,"2011",56,16.52,0,"quercus.robur"
96,"2011",108,16.52,0,"quercus.robur"
96,"2011",78,16.52,0,"quercus.robur"
98,"2011",103,12.85,0,"quercus.robur"
96,"2011",100,16.52,0,"quercus.robur"
94,"2011",112,8.91,0,"quercus.robur"
98,"2011",77,12.85,0,"quercus.robur"
96,"2011",65,16.52,0,"quercus.robur"
96,"2011",111,16.52,0,"quercus.robur"
111,"2010",48,7.051,0,"quercus.robur"
98,"2011",48,12.85,0,"quercus.robur"
96,"2011",77,16.52,0,"quercus.robur"
98,"2011",39,12.85,0,"quercus.robur"
92,"2011",188,13.87,0,"quercus.robur"
98,"2011",127,12.85,0,"quercus.robur"
107,"2010",170,7.906,0,"quercus.robur"
96,"2011",170,16.52,0,"quercus.robur"
100,"2011",105,10.48,0,"quercus.robur"
96,"2011",105,16.52,0,"quercus.robur"
96,"2011",153,16.52,0,"quercus.robur"
94,"2011",118,8.91,0,"quercus.robur"
96,"2011",77,16.52,0,"quercus.robur"
96,"2011",106,16.52,0,"quercus.robur"
117,"2010",70,15.18,0,"quercus.robur"
98,"2011",70,12.85,0,"quercus.robur"
96,"2011",114,16.52,0,"quercus.robur"
111,"2010",91,7.051,0,"quercus.robur"
96,"2011",91,16.52,0,"quercus.robur"
101,"2011",36,13.46,0,"quercus.robur"
95,"2011",46,9.46,1.2,"quercus.robur"
101,"2011",26,13.46,0,"quercus.robur"
97,"2011",52,13.97,0,"quercus.robur"
93,"2011",151,9.83,0,"quercus.robur"
101,"2011",15,13.46,0,"quercus.robur"
95,"2011",248,9.46,1.2,"quercus.robur"
91,"2011",286,11.22,0,"quercus.robur"
91,"2011",366,11.22,0,"quercus.robur"
91,"2011",330,11.22,0,"quercus.robur"
88,"2011",399,3.985,1.2,"quercus.robur"
95,"2011",280,9.46,1.2,"quercus.robur"
99,"2011",72,14.15,0,"quercus.robur"
95,"2011",105,9.46,1.2,"quercus.robur"
88,"2011",299,3.985,1.2,"quercus.robur"
91,"2011",236,11.22,0,"quercus.robur"
88,"2011",260,3.985,1.2,"quercus.robur"
105,"2010",261,7.5,0,"quercus.robur"
99,"2011",261,14.15,0,"quercus.robur"
91,"2011",183,11.22,0,"quercus.robur"
88,"2011",235,3.985,1.2,"quercus.robur"
97,"2011",72,13.97,0,"quercus.robur"
97,"2011",107,13.97,0,"quercus.robur"
92,"2011",120,13.87,0,"quercus.robur"
96,"2011",116,16.52,0,"quercus.robur"
96,"2011",95,16.52,0,"quercus.robur"
94,"2011",83,8.91,0,"quercus.robur"
96,"2011",118,16.52,0,"quercus.robur"
96,"2011",75,16.52,0,"quercus.robur"
96,"2011",138,16.52,0,"quercus.robur"
101,"2010",121,7.499,0,"quercus.robur"
94,"2011",121,8.91,0,"quercus.robur"
100,"2011",48,10.48,0,"quercus.robur"
97,"2010",307,8.39,0.1,"quercus.robur"
92,"2011",307,13.87,0,"quercus.robur"
98,"2011",146,12.85,0,"quercus.robur"
105,"2010",139,7.5,0,"quercus.robur"
98,"2011",65,12.85,0,"quercus.robur"
98,"2011",62,12.85,0,"quercus.robur"
87,"2011",141,8.3,0,"quercus.robur"
105,"2010",149,7.5,0,"quercus.robur"
94,"2011",149,8.91,0,"quercus.robur"
92,"2011",180,13.87,0,"quercus.robur"
100,"2011",25,10.48,0,"quercus.robur"
115,"2010",100,11.31,2.2,"quercus.robur"
113,"2010",67,10.35,0,"quercus.robur"
100,"2011",67,10.48,0,"quercus.robur"
100,"2011",25,10.48,0,"quercus.robur"
99,"2010",122,12.4,0,"quercus.robur"
87,"2011",107,8.3,0,"quercus.robur"
89,"2011",140,9.66,0.7,"quercus.robur"
89,"2011",154,9.66,0.7,"quercus.robur"
109,"2010",79,10.76,0,"quercus.robur"
92,"2011",110,13.87,0,"quercus.robur"
92,"2011",155,13.87,0,"quercus.robur"
98,"2011",115,12.85,0,"quercus.robur"
96,"2011",112,16.52,0,"quercus.robur"
105,"2010",144,7.5,0,"quercus.robur"
94,"2011",128,8.91,0,"quercus.robur"
99,"2010",164,12.4,0,"quercus.robur"
96,"2011",165,16.52,0,"quercus.robur"
96,"2011",190,16.52,0,"quercus.robur"
96,"2011",90,16.52,0,"quercus.robur"
96,"2011",58,16.52,0,"quercus.robur"
87,"2011",90,8.3,0,"quercus.robur"
94,"2011",90,8.91,0,"quercus.robur"
94,"2011",75,8.91,0,"quercus.robur"
99,"2010",100,12.4,0,"quercus.robur"
109,"2010",120,10.76,0,"quercus.robur"
94,"2011",120,8.91,0,"quercus.robur"
101,"2010",172,7.499,0,"quercus.robur"
92,"2011",172,13.87,0,"quercus.robur"
92,"2011",168,13.87,0,"quercus.robur"
96,"2011",170,16.52,0,"quercus.robur"
111,"2010",200,7.051,0,"quercus.robur"
89,"2011",200,9.66,0.7,"quercus.robur"
87,"2011",182,8.3,0,"quercus.robur"
99,"2010",47,12.4,0,"quercus.robur"
87,"2011",168,8.3,0,"quercus.robur"
92,"2011",46,13.87,0,"quercus.robur"
102,"2011",56,8.57,0,"quercus.robur"
102,"2011",40,8.57,0,"quercus.robur"
98,"2011",166,12.85,0,"quercus.robur"
105,"2010",92,7.5,0,"quercus.robur"
92,"2011",92,13.87,0,"quercus.robur"
96,"2011",74,16.52,0,"quercus.robur"
98,"2011",71,12.85,0,"quercus.robur"
98,"2011",91,12.85,0,"quercus.robur"
98,"2011",95,12.85,0,"quercus.robur"
98,"2011",78,12.85,0,"quercus.robur"
98,"2011",115,12.85,0,"quercus.robur"
96,"2011",97,16.52,0,"quercus.robur"
92,"2011",79,13.87,0,"quercus.robur"
92,"2011",76,13.87,0,"quercus.robur"
85,"2011",97,8.61,0,"quercus.robur"
99,"2010",137,12.4,0,"quercus.robur"
92,"2011",148,13.87,0,"quercus.robur"
96,"2011",70,16.52,0,"quercus.robur"
96,"2011",75,16.52,0,"quercus.robur"
96,"2011",91,16.52,0,"quercus.robur"
96,"2011",65,16.52,0,"quercus.robur"
98,"2011",45,12.85,0,"quercus.robur"
96,"2011",87,16.52,0,"quercus.robur"
105,"2010",82,7.5,0,"quercus.robur"
96,"2011",82,16.52,0,"quercus.robur"
111,"2010",253,7.051,0,"quercus.robur"
96,"2011",253,16.52,0,"quercus.robur"
92,"2011",145,13.87,0,"quercus.robur"
100,"2011",61,10.48,0,"quercus.robur"
94,"2011",91,8.91,0,"quercus.robur"
106,"2011",49,11.83,0,"quercus.robur"
92,"2011",92,13.87,0,"quercus.robur"
98,"2011",65,12.85,0,"quercus.robur"
103,"2010",61,9.27,0,"quercus.robur"
98,"2011",61,12.85,0,"quercus.robur"
105,"2010",125,7.5,0,"quercus.robur"
92,"2011",210,13.87,0,"quercus.robur"
99,"2010",119,12.4,0,"quercus.robur"
96,"2011",119,16.52,0,"quercus.robur"
98,"2011",62,12.85,0,"quercus.robur"
92,"2011",102,13.87,0,"quercus.robur"
112,"2010",47,8.38,0,"quercus.robur"
106,"2010",209,7.902,0,"quercus.robur"
108,"2010",84,11.65,0,"quercus.robur"
108,"2010",90,11.65,0,"quercus.robur"
108,"2010",136,11.65,0,"quercus.robur"
108,"2010",110,11.65,0,"quercus.robur"
108,"2010",84,11.65,0,"quercus.robur"
112,"2010",37,8.38,0,"quercus.robur"
114,"2010",40,12.19,0,"quercus.robur"
112,"2010",82,8.38,0,"quercus.robur"
112,"2010",59,8.38,0,"quercus.robur"
112,"2010",58,8.38,0,"quercus.robur"
104,"2010",160,6.749,0,"quercus.robur"
104,"2010",72,6.749,0,"quercus.robur"
112,"2010",17,8.38,0,"quercus.robur"
112,"2010",56,8.38,0,"quercus.robur"
114,"2010",53,12.19,0,"quercus.robur"
108,"2010",127,11.65,0,"quercus.robur"
112,"2010",20,8.38,0,"quercus.robur"
106,"2010",133,7.902,0,"quercus.robur"
116,"2010",65,11.07,1,"quercus.robur"
112,"2010",148,8.38,0,"quercus.robur"
112,"2010",80,8.38,0,"quercus.robur"
114,"2010",62,12.19,0,"quercus.robur"
106,"2010",158,7.902,0,"quercus.robur"
112,"2010",146,8.38,0,"quercus.robur"
114,"2010",92,12.19,0,"quercus.robur"
112,"2010",162,8.38,0,"quercus.robur"
97,"2011",46,13.97,0,"quercus.robur"
94,"2011",206,8.91,0,"quercus.robur"
87,"2011",289,8.3,0,"quercus.robur"
113,"2010",233,10.35,0,"quercus.robur"
94,"2011",233,8.91,0,"quercus.robur"
87,"2011",230,8.3,0,"quercus.robur"
96,"2011",114,16.52,0,"quercus.robur"
94,"2011",295,8.91,0,"quercus.robur"
98,"2011",80,12.85,0,"quercus.robur"
96,"2011",72,16.52,0,"quercus.robur"
108,"2010",189,11.65,0,"quercus.robur"
106,"2010",131,7.902,0,"quercus.robur"
112,"2010",100,8.38,0,"quercus.robur"
112,"2010",218,8.38,0,"quercus.robur"
106,"2010",193,7.902,0,"quercus.robur"
112,"2010",148,8.38,0,"quercus.robur"
114,"2010",55,12.19,0,"quercus.robur"
105,"2010",72,7.5,0,"quercus.robur"
88,"2011",72,3.985,1.2,"quercus.robur"
88,"2011",129,3.985,1.2,"quercus.robur"
86,"2011",178,6.325,0.1,"quercus.robur"
103,"2011",59,7.625,0,"quercus.robur"
99,"2011",98,14.15,0,"quercus.robur"
95,"2011",42,9.46,1.2,"quercus.robur"
88,"2011",111,3.985,1.2,"quercus.robur"
93,"2011",136,9.83,0,"quercus.robur"
107,"2010",88,7.906,0,"quercus.robur"
96,"2011",67,16.52,0,"quercus.robur"
94,"2011",67,8.91,0,"quercus.robur"
109,"2010",71,10.76,0,"quercus.robur"
96,"2011",71,16.52,0,"quercus.robur"
96,"2011",71,16.52,0,"quercus.robur"
115,"2010",86,11.31,2.2,"quercus.robur"
96,"2011",86,16.52,0,"quercus.robur"
96,"2011",100,16.52,0,"quercus.robur"
94,"2011",124,8.91,0,"quercus.robur"
109,"2010",59,10.76,0,"quercus.robur"
96,"2011",59,16.52,0,"quercus.robur"
96,"2011",120,16.52,0,"quercus.robur"
96,"2011",74,16.52,0,"quercus.robur"
96,"2011",109,16.52,0,"quercus.robur"
96,"2011",137,16.52,0,"quercus.robur"
98,"2011",128,12.85,0,"quercus.robur"
98,"2011",152,12.85,0,"quercus.robur"
113,"2010",219,10.35,0,"quercus.robur"
92,"2011",219,13.87,0,"quercus.robur"
98,"2011",118,12.85,0,"quercus.robur"
94,"2011",77,8.91,0,"quercus.robur"
98,"2011",105,12.85,0,"quercus.robur"
94,"2011",72,8.91,0,"quercus.robur"
94,"2011",113,8.91,0,"quercus.robur"
96,"2011",74,16.52,0,"quercus.robur"
98,"2011",50,12.85,0,"quercus.robur"
104,"2011",62,8.81,0.1,"quercus.robur"
94,"2011",112,8.91,0,"quercus.robur"
96,"2011",80,16.52,0,"quercus.robur"
96,"2011",97,16.52,0,"quercus.robur"
109,"2010",72,10.76,0,"quercus.robur"
98,"2011",72,12.85,0,"quercus.robur"
102,"2011",79,8.57,0,"quercus.robur"
107,"2010",87,7.906,0,"quercus.robur"
96,"2011",87,16.52,0,"quercus.robur"
96,"2011",63,16.52,0,"quercus.robur"
98,"2011",58,12.85,0,"quercus.robur"
109,"2010",86,10.76,0,"quercus.robur"
98,"2011",45,12.85,0,"quercus.robur"
102,"2011",37,8.57,0,"quercus.robur"
98,"2011",52,12.85,0,"quercus.robur"
96,"2011",592,16.52,0,"quercus.robur"
98,"2011",47,12.85,0,"quercus.robur"
100,"2011",43,10.48,0,"quercus.robur"
98,"2011",77,12.85,0,"quercus.robur"
98,"2011",110,12.85,0,"quercus.robur"
96,"2011",141,16.52,0,"quercus.robur"
96,"2011",133,16.52,0,"quercus.robur"
113,"2010",106,10.35,0,"quercus.robur"
96,"2011",117,16.52,0,"quercus.robur"
92,"2011",182,13.87,0,"quercus.robur"
96,"2011",137,16.52,0,"quercus.robur"
99,"2010",115,12.4,0,"quercus.robur"
89,"2011",115,9.66,0.7,"quercus.robur"
98,"2011",49,12.85,0,"quercus.robur"
99,"2010",133,12.4,0,"quercus.robur"
92,"2011",133,13.87,0,"quercus.robur"
98,"2011",68,12.85,0,"quercus.robur"
98,"2011",90,12.85,0,"quercus.robur"
96,"2011",70,16.52,0,"quercus.robur"
96,"2011",38,16.52,0,"quercus.robur"
98,"2011",75,12.85,0,"quercus.robur"
98,"2011",28,12.85,0,"quercus.robur"
115,"2010",47,11.31,2.2,"quercus.robur"
96,"2011",47,16.52,0,"quercus.robur"
99,"2010",45,12.4,0,"quercus.robur"
96,"2011",45,16.52,0,"quercus.robur"
98,"2011",68,12.85,0,"quercus.robur"
96,"2011",111,16.52,0,"quercus.robur"
96,"2011",250,16.52,0,"quercus.robur"
96,"2011",175,16.52,0,"quercus.robur"
98,"2011",172,12.85,0,"quercus.robur"
96,"2011",110,16.52,0,"quercus.robur"
115,"2010",121,11.31,2.2,"quercus.robur"
96,"2011",121,16.52,0,"quercus.robur"
100,"2011",86,10.48,0,"quercus.robur"
100,"2011",84,10.48,0,"quercus.robur"
96,"2011",89,16.52,0,"quercus.robur"
112,"2010",180,8.38,0,"quercus.robur"
112,"2010",120,8.38,0,"quercus.robur"
112,"2010",180,8.38,0,"quercus.robur"
106,"2010",165,7.902,0,"quercus.robur"
112,"2010",126,8.38,0,"quercus.robur"
112,"2010",118,8.38,0,"quercus.robur"
112,"2010",55,8.38,0,"quercus.robur"
112,"2010",100,8.38,0,"quercus.robur"
112,"2010",95,8.38,0,"quercus.robur"
106,"2010",212,7.902,0,"quercus.robur"
112,"2010",73,8.38,0,"quercus.robur"
114,"2010",94,12.19,0,"quercus.robur"
112,"2010",120,8.38,0,"quercus.robur"
112,"2010",95,8.38,0,"quercus.robur"
114,"2010",99,12.19,0,"quercus.robur"
116,"2010",113,11.07,1,"quercus.robur"
112,"2010",18,8.38,0,"quercus.robur"
112,"2010",69,8.38,0,"quercus.robur"
112,"2010",114,8.38,0,"quercus.robur"
114,"2010",229,12.19,0,"quercus.robur"
106,"2010",141,7.902,0,"quercus.robur"
108,"2010",107,11.65,0,"quercus.robur"
106,"2010",97,7.902,0,"quercus.robur"
112,"2010",60,8.38,0,"quercus.robur"
112,"2010",62,8.38,0,"quercus.robur"
112,"2010",104,8.38,0,"quercus.robur"
112,"2010",106,8.38,0,"quercus.robur"
112,"2010",93,8.38,0,"quercus.robur"
114,"2010",95,12.19,0,"quercus.robur"
116,"2010",62,11.07,1,"quercus.robur"
106,"2010",130,7.902,0,"quercus.robur"
106,"2010",156,7.902,0,"quercus.robur"
112,"2010",72,8.38,0,"quercus.robur"
112,"2010",150,8.38,0,"quercus.robur"
114,"2010",103,12.19,0,"quercus.robur"
112,"2010",152,8.38,0,"quercus.robur"
114,"2010",84,12.19,0,"quercus.robur"
112,"2010",50,8.38,0,"quercus.robur"
112,"2010",44,8.38,0,"quercus.robur"
104,"2010",133,6.749,0,"quercus.robur"
112,"2010",85,8.38,0,"quercus.robur"
108,"2010",97,11.65,0,"quercus.robur"
114,"2010",80,12.19,0,"quercus.robur"
106,"2010",127,7.902,0,"quercus.robur"
106,"2010",158,7.902,0,"quercus.robur"
108,"2010",143,11.65,0,"quercus.robur"
112,"2010",135,8.38,0,"quercus.robur"
106,"2010",110,7.902,0,"quercus.robur"
112,"2010",36,8.38,0,"quercus.robur"
114,"2010",68,12.19,0,"quercus.robur"
106,"2010",118,7.902,0,"quercus.robur"
108,"2010",176,11.65,0,"quercus.robur"
112,"2010",77,8.38,0,"quercus.robur"
116,"2010",61,11.07,1,"quercus.robur"
112,"2010",92,8.38,0,"quercus.robur"
112,"2010",61,8.38,0,"quercus.robur"
112,"2010",69,8.38,0,"quercus.robur"
108,"2010",225,11.65,0,"quercus.robur"
104,"2010",201,6.749,0,"quercus.robur"
112,"2010",48,8.38,0,"quercus.robur"
106,"2010",183,7.902,0,"quercus.robur"
112,"2010",47,8.38,0,"quercus.robur"
106,"2010",186,7.902,0,"quercus.robur"
112,"2010",30,8.38,0,"quercus.robur"
108,"2010",98,11.65,0,"quercus.robur"
112,"2010",46,8.38,0,"quercus.robur"
104,"2010",291,6.749,0,"quercus.robur"
106,"2010",140,7.902,0,"quercus.robur"
106,"2010",202,7.902,0,"quercus.robur"
114,"2010",46,12.19,0,"quercus.robur"
104,"2010",113,6.749,0,"quercus.robur"
106,"2010",79,7.902,0,"quercus.robur"
108,"2010",66,11.65,0,"quercus.robur"
108,"2010",113,11.65,0,"quercus.robur"
112,"2010",91,8.38,0,"quercus.robur"
114,"2010",33,12.19,0,"quercus.robur"
112,"2010",65,8.38,0,"quercus.robur"
112,"2010",44,8.38,0,"quercus.robur"
112,"2010",84,8.38,0,"quercus.robur"
112,"2010",65,8.38,0,"quercus.robur"
108,"2010",100,11.65,0,"quercus.robur"
112,"2010",64,8.38,0,"quercus.robur"
114,"2010",30,12.19,0,"quercus.robur"
114,"2010",88,12.19,0,"quercus.robur"
108,"2010",95,11.65,0,"quercus.robur"
112,"2010",50,8.38,0,"quercus.robur"
112,"2010",39,8.38,0,"quercus.robur"
100,"2010",75,12.4,0,"quercus.robur"
104,"2010",82,6.749,0,"quercus.robur"
114,"2010",86,12.19,0,"quercus.robur"
100,"2010",130,12.4,0,"quercus.robur"
100,"2010",91,12.4,0,"quercus.robur"
106,"2010",97,7.902,0,"quercus.robur"
106,"2010",35,7.902,0,"quercus.robur"
102,"2010",99,7.221,0,"quercus.robur"
102,"2010",75,7.221,0,"quercus.robur"
100,"2010",93,12.4,0,"quercus.robur"
102,"2010",57,7.221,0,"quercus.robur"
100,"2010",104,12.4,0,"quercus.robur"
98,"2010",123,9.27,0.2,"quercus.robur"
100,"2010",113,12.4,0,"quercus.robur"
98,"2010",87,9.27,0.2,"quercus.robur"
98,"2010",101,9.27,0.2,"quercus.robur"
100,"2010",188,12.4,0,"quercus.robur"
108,"2010",56,11.65,0,"quercus.robur"
108,"2010",72,11.65,0,"quercus.robur"
100,"2010",97,12.4,0,"quercus.robur"
104,"2010",119,6.749,0,"quercus.robur"
112,"2010",102,8.38,0,"quercus.robur"
116,"2010",45,11.07,1,"quercus.robur"
112,"2010",25,8.38,0,"quercus.robur"
108,"2010",65,11.65,0,"quercus.robur"
106,"2010",57,7.902,0,"quercus.robur"
104,"2010",68,6.749,0,"quercus.robur"
114,"2010",46,12.19,0,"quercus.robur"
114,"2010",62,12.19,0,"quercus.robur"
106,"2010",77,7.902,0,"quercus.robur"
100,"2010",140,12.4,0,"quercus.robur"
106,"2010",112,7.902,0,"quercus.robur"
116,"2010",45,11.07,1,"quercus.robur"
100,"2010",198,12.4,0,"quercus.robur"
108,"2010",149,11.65,0,"quercus.robur"
112,"2010",67,8.38,0,"quercus.robur"
104,"2010",128,6.749,0,"quercus.robur"
100,"2010",87,12.4,0,"quercus.robur"
106,"2010",58,7.902,0,"quercus.robur"
108,"2010",83,11.65,0,"quercus.robur"
100,"2010",480,12.4,0,"quercus.robur"
108,"2010",42,11.65,0,"quercus.robur"
104,"2010",88,6.749,0,"quercus.robur"
100,"2010",195,12.4,0,"quercus.robur"
100,"2010",118,12.4,0,"quercus.robur"
108,"2010",97,11.65,0,"quercus.robur"
124,"2010",20,6.673,0.3,"quercus.robur"
116,"2010",15,11.07,1,"quercus.robur"
102,"2010",135,7.221,0,"quercus.robur"
102,"2010",113,7.221,0,"quercus.robur"
104,"2010",205,6.749,0,"quercus.robur"
104,"2010",76,6.749,0,"quercus.robur"
108,"2010",144,11.65,0,"quercus.robur"
100,"2010",190,12.4,0,"quercus.robur"
102,"2010",188,7.221,0,"quercus.robur"
100,"2010",100,12.4,0,"quercus.robur"
116,"2010",38,11.07,1,"quercus.robur"
98,"2010",152,9.27,0.2,"quercus.robur"
104,"2010",79,6.749,0,"quercus.robur"
100,"2010",138,12.4,0,"quercus.robur"
116,"2010",38,11.07,1,"quercus.robur"
100,"2010",155,12.4,0,"quercus.robur"
100,"2010",141,12.4,0,"quercus.robur"
100,"2010",198,12.4,0,"quercus.robur"
98,"2010",221,9.27,0.2,"quercus.robur"
120,"2010",38,11.54,2.5,"quercus.robur"
106,"2010",31,7.902,0,"quercus.robur"
100,"2010",136,12.4,0,"quercus.robur"
108,"2010",62,11.65,0,"quercus.robur"
102,"2010",110,7.221,0,"quercus.robur"
114,"2010",114,12.19,0,"quercus.robur"
100,"2010",236,12.4,0,"quercus.robur"
108,"2010",52,11.65,0,"quercus.robur"
102,"2010",94,7.221,0,"quercus.robur"
106,"2010",38,7.902,0,"quercus.robur"
112,"2010",95,8.38,0,"quercus.robur"
108,"2010",57,11.65,0,"quercus.robur"
118,"2010",53,15.59,0,"quercus.robur"
104,"2010",190,6.749,0,"quercus.robur"
100,"2010",149,12.4,0,"quercus.robur"
98,"2010",123,9.27,0.2,"quercus.robur"
100,"2010",139,12.4,0,"quercus.robur"
104,"2010",170,6.749,0,"quercus.robur"
102,"2010",119,7.221,0,"quercus.robur"
106,"2010",114,7.902,0,"quercus.robur"
100,"2010",166,12.4,0,"quercus.robur"
98,"2010",100,9.27,0.2,"quercus.robur"
104,"2010",94,6.749,0,"quercus.robur"
102,"2010",145,7.221,0,"quercus.robur"
104,"2010",159,6.749,0,"quercus.robur"
102,"2010",68,7.221,0,"quercus.robur"
112,"2010",68,8.38,0,"quercus.robur"
106,"2010",71,7.902,0,"quercus.robur"
100,"2010",148,12.4,0,"quercus.robur"
102,"2010",129,7.221,0,"quercus.robur"
104,"2010",80,6.749,0,"quercus.robur"
124,"2010",43,6.673,0.3,"quercus.robur"
108,"2010",141,11.65,0,"quercus.robur"
102,"2010",122,7.221,0,"quercus.robur"
100,"2010",250,12.4,0,"quercus.robur"
106,"2010",54,7.902,0,"quercus.robur"
98,"2010",118,9.27,0.2,"quercus.robur"
98,"2010",110,9.27,0.2,"quercus.robur"
100,"2010",34,12.4,0,"quercus.robur"
108,"2010",66,11.65,0,"quercus.robur"
112,"2010",47,8.38,0,"quercus.robur"
104,"2010",55,6.749,0,"quercus.robur"
104,"2010",111,6.749,0,"quercus.robur"
118,"2010",32,15.59,0,"quercus.robur"
98,"2010",300,9.27,0.2,"quercus.robur"
102,"2010",99,7.221,0,"quercus.robur"
106,"2010",80,7.902,0,"quercus.robur"
98,"2010",119,9.27,0.2,"quercus.robur"
100,"2010",245,12.4,0,"quercus.robur"
116,"2010",118,11.07,1,"quercus.robur"
116,"2010",64,11.07,1,"quercus.robur"
100,"2010",73,12.4,0,"quercus.robur"
100,"2010",169,12.4,0,"quercus.robur"
98,"2010",192,9.27,0.2,"quercus.robur"
98,"2010",79,9.27,0.2,"quercus.robur"
100,"2010",52,12.4,0,"quercus.robur"
98,"2010",230,9.27,0.2,"quercus.robur"
98,"2010",195,9.27,0.2,"quercus.robur"
98,"2010",206,9.27,0.2,"quercus.robur"
100,"2010",24,12.4,0,"quercus.robur"
100,"2010",77,12.4,0,"quercus.robur"
114,"2010",26,12.19,0,"quercus.robur"
120,"2010",47,11.54,2.5,"quercus.robur"
116,"2010",62,11.07,1,"quercus.robur"
104,"2010",73,6.749,0,"quercus.robur"
102,"2010",67,7.221,0,"quercus.robur"
104,"2010",67,6.749,0,"quercus.robur"
102,"2010",41,7.221,0,"quercus.robur"
114,"2010",70,12.19,0,"quercus.robur"
114,"2010",54,12.19,0,"quercus.robur"
134,"2010",56,10.35,0,"quercus.robur"
102,"2010",128,7.221,0,"quercus.robur"
114,"2010",84,12.19,0,"quercus.robur"
114,"2010",40,12.19,0,"quercus.robur"
134,"2010",37,10.35,0,"quercus.robur"
98,"2010",68,9.27,0.2,"quercus.robur"
118,"2010",52,15.59,0,"quercus.robur"
106,"2010",37,7.902,0,"quercus.robur"
108,"2010",29,11.65,0,"quercus.robur"
112,"2010",41,8.38,0,"quercus.robur"
108,"2010",127,11.65,0,"quercus.robur"
102,"2010",108,7.221,0,"quercus.robur"
104,"2010",86,6.749,0,"quercus.robur"
104,"2010",87,6.749,0,"quercus.robur"
122,"2010",55,7.423,11.3,"quercus.robur"
102,"2010",89,7.221,0,"quercus.robur"
108,"2010",107,11.65,0,"quercus.robur"
98,"2010",58,9.27,0.2,"quercus.robur"
98,"2010",97,9.27,0.2,"quercus.robur"
102,"2010",82,7.221,0,"quercus.robur"
112,"2010",88,8.38,0,"quercus.robur"
118,"2010",54,15.59,0,"quercus.robur"
108,"2010",87,11.65,0,"quercus.robur"
108,"2010",132,11.65,0,"quercus.robur"
102,"2010",46,7.221,0,"quercus.robur"
106,"2010",95,7.902,0,"quercus.robur"
100,"2010",124,12.4,0,"quercus.robur"
102,"2010",145,7.221,0,"quercus.robur"
104,"2010",160,6.749,0,"quercus.robur"
104,"2010",52,6.749,0,"quercus.robur"
108,"2010",300,11.65,0,"quercus.robur"
108,"2010",64,11.65,0,"quercus.robur"
108,"2010",108,11.65,0,"quercus.robur"
102,"2010",137,7.221,0,"quercus.robur"
104,"2010",102,6.749,0,"quercus.robur"
102,"2010",114,7.221,0,"quercus.robur"
102,"2010",114,7.221,0,"quercus.robur"
104,"2010",136,6.749,0,"quercus.robur"
106,"2010",158,7.902,0,"quercus.robur"
106,"2010",66,7.902,0,"quercus.robur"
106,"2010",105,7.902,0,"quercus.robur"
104,"2010",150,6.749,0,"quercus.robur"
102,"2010",142,7.221,0,"quercus.robur"
102,"2010",99,7.221,0,"quercus.robur"
100,"2010",129,12.4,0,"quercus.robur"
106,"2010",72,7.902,0,"quercus.robur"
104,"2010",37,6.749,0,"quercus.robur"
106,"2010",148,7.902,0,"quercus.robur"
106,"2010",74,7.902,0,"quercus.robur"
106,"2010",61,7.902,0,"quercus.robur"
106,"2010",81,7.902,0,"quercus.robur"
104,"2010",30,6.749,0,"quercus.robur"
106,"2010",125,7.902,0,"quercus.robur"
106,"2010",103,7.902,0,"quercus.robur"
108,"2010",85,11.65,0,"quercus.robur"
104,"2010",72,6.749,0,"quercus.robur"
102,"2010",121,7.221,0,"quercus.robur"
106,"2010",95,7.902,0,"quercus.robur"
104,"2010",71,6.749,0,"quercus.robur"
108,"2010",52,11.65,0,"quercus.robur"
114,"2010",58,12.19,0,"quercus.robur"
106,"2010",70,7.902,0,"quercus.robur"
108,"2010",31,11.65,0,"quercus.robur"
106,"2010",107,7.902,0,"quercus.robur"
106,"2010",56,7.902,0,"quercus.robur"
106,"2010",86,7.902,0,"quercus.robur"
108,"2010",41,11.65,0,"quercus.robur"
106,"2010",35,7.902,0,"quercus.robur"
106,"2010",89,7.902,0,"quercus.robur"
104,"2010",31,6.749,0,"quercus.robur"
106,"2010",51,7.902,0,"quercus.robur"
106,"2010",71,7.902,0,"quercus.robur"
108,"2010",53,11.65,0,"quercus.robur"
106,"2010",28,7.902,0,"quercus.robur"
108,"2010",67,11.65,0,"quercus.robur"
108,"2010",72,11.65,0,"quercus.robur"
114,"2010",13,12.19,0,"quercus.robur"
106,"2010",115,7.902,0,"quercus.robur"
108,"2010",34,11.65,0,"quercus.robur"
106,"2010",110,7.902,0,"quercus.robur"
104,"2010",129,6.749,0,"quercus.robur"
104,"2010",85,6.749,0,"quercus.robur"
106,"2010",60,7.902,0,"quercus.robur"
104,"2010",97,6.749,0,"quercus.robur"
108,"2010",83,11.65,0,"quercus.robur"
108,"2010",60,11.65,0,"quercus.robur"
104,"2010",100,6.749,0,"quercus.robur"
108,"2010",111,11.65,0,"quercus.robur"
108,"2010",68,11.65,0,"quercus.robur"
104,"2010",75,6.749,0,"quercus.robur"
104,"2010",69,6.749,0,"quercus.robur"
100,"2010",66,12.4,0,"quercus.robur"
99,"2010",109,12.4,0,"quercus.robur"
106,"2010",62,7.902,0,"quercus.robur"
102,"2010",157,7.221,0,"quercus.robur"
108,"2010",86,11.65,0,"quercus.robur"
106,"2010",123,7.902,0,"quercus.robur"
102,"2010",138,7.221,0,"quercus.robur"
102,"2010",119,7.221,0,"quercus.robur"
106,"2010",217,7.902,0,"quercus.robur"
108,"2010",37,11.65,0,"quercus.robur"
106,"2010",67,7.902,0,"quercus.robur"
104,"2010",94,6.749,0,"quercus.robur"
102,"2010",90,7.221,0,"quercus.robur"
104,"2010",57,6.749,0,"quercus.robur"
106,"2010",65,7.902,0,"quercus.robur"
108,"2010",95,11.65,0,"quercus.robur"
104,"2010",166,6.749,0,"quercus.robur"
104,"2010",128,6.749,0,"quercus.robur"
106,"2010",86,7.902,0,"quercus.robur"
104,"2010",97,6.749,0,"quercus.robur"
108,"2010",57,11.65,0,"quercus.robur"
106,"2010",86,7.902,0,"quercus.robur"
104,"2010",84,6.749,0,"quercus.robur"
100,"2010",111,12.4,0,"quercus.robur"
104,"2010",154,6.749,0,"quercus.robur"
99,"2010",81,12.4,0,"quercus.robur"
104,"2010",48,6.749,0,"quercus.robur"
104,"2010",101,6.749,0,"quercus.robur"
122,"2010",27,7.423,11.3,"quercus.robur"
106,"2010",67,7.902,0,"quercus.robur"
106,"2010",36,7.902,0,"quercus.robur"
106,"2010",72,7.902,0,"quercus.robur"
106,"2010",35,7.902,0,"quercus.robur"
100,"2010",136,12.4,0,"quercus.robur"
106,"2010",152,7.902,0,"quercus.robur"
108,"2010",75,11.65,0,"quercus.robur"
106,"2010",111,7.902,0,"quercus.robur"
104,"2010",112,6.749,0,"quercus.robur"
106,"2010",94,7.902,0,"quercus.robur"
104,"2010",138,6.749,0,"quercus.robur"
99,"2010",100,12.4,0,"quercus.robur"
106,"2010",119,7.902,0,"quercus.robur"
114,"2010",62,12.19,0,"quercus.robur"
104,"2010",70,6.749,0,"quercus.robur"
112,"2010",46,8.38,0,"quercus.robur"
112,"2010",36,8.38,0,"quercus.robur"
108,"2010",20,11.65,0,"quercus.robur"
108,"2010",21,11.65,0,"quercus.robur"
126,"2010",67,9.6,0,"quercus.robur"
102,"2010",91,7.221,0,"quercus.robur"
108,"2010",117,11.65,0,"quercus.robur"
108,"2010",60,11.65,0,"quercus.robur"
104,"2010",18,6.749,0,"quercus.robur"
106,"2010",20,7.902,0,"quercus.robur"
108,"2010",172,11.65,0,"quercus.robur"
102,"2010",120,7.221,0,"quercus.robur"
102,"2010",190,7.221,0,"quercus.robur"
102,"2010",146,7.221,0,"quercus.robur"
102,"2010",106,7.221,0,"quercus.robur"
102,"2010",42,7.221,0,"quercus.robur"
114,"2010",30,12.19,0,"quercus.robur"
102,"2010",55,7.221,0,"quercus.robur"
102,"2010",14,7.221,0,"quercus.robur"
102,"2010",20,7.221,0,"quercus.robur"
126,"2010",19,9.6,0,"quercus.robur"
104,"2010",28,6.749,0,"quercus.robur"
102,"2010",119,7.221,0,"quercus.robur"
116,"2010",50,11.07,1,"quercus.robur"
106,"2010",83,7.902,0,"quercus.robur"
112,"2010",32,8.38,0,"quercus.robur"
114,"2010",95,12.19,0,"quercus.robur"
126,"2010",34,9.6,0,"quercus.robur"
108,"2010",153,11.65,0,"quercus.robur"
112,"2010",182,8.38,0,"quercus.robur"
104,"2010",110,6.749,0,"quercus.robur"
104,"2010",37,6.749,0,"quercus.robur"
102,"2010",103,7.221,0,"quercus.robur"
104,"2010",52,6.749,0,"quercus.robur"
116,"2010",18,11.07,1,"quercus.robur"
97,"2011",119,13.97,0,"quercus.robur"
96,"2011",87,16.52,0,"quercus.robur"
94,"2011",82,8.91,0,"quercus.robur"
94,"2011",137,8.91,0,"quercus.robur"
96,"2011",56,16.52,0,"quercus.robur"
98,"2011",38,12.85,0,"quercus.robur"
92,"2011",74,13.87,0,"quercus.robur"
92,"2011",112,13.87,0,"quercus.robur"
92,"2011",78,13.87,0,"quercus.robur"
98,"2011",55,12.85,0,"quercus.robur"
106,"2011",8,11.83,0,"quercus.robur"
100,"2011",16,10.48,0,"quercus.robur"
100,"2011",98,10.48,0,"quercus.robur"
95,"2011",259,9.46,1.2,"quercus.robur"
95,"2011",160,9.46,1.2,"quercus.robur"
97,"2011",98,13.97,0,"quercus.robur"
97,"2011",121,13.97,0,"quercus.robur"
99,"2011",60,14.15,0,"quercus.robur"
97,"2011",97,13.97,0,"quercus.robur"
97,"2011",57,13.97,0,"quercus.robur"
93,"2011",110,9.83,0,"quercus.robur"
